imagem_0,0.0,1.0
imagem_1,0.0,1.0
imagem_2,0.0,1.0
imagem_3,0.0,1.0
imagem_4,0.0,1.0
imagem_5,0.0,1.0
imagem_6,0.0,1.0
imagem_7,0.0,0.0
imagem_8,0.0,0.0
imagem_9,0.0,0.0
imagem_10,0.0,0.0
imagem_11,0.0,0.0
imagem_12,0.0,0.0
imagem_13,0.0,0.0
imagem_14,0.0,0.0
imagem_15,0.0,0.0
imagem_16,0.0,0.0
imagem_17,0.0,0.0
imagem_18,0.0,0.0
imagem_19,0.0,0.0
imagem_20,0.0,0.0
imagem_21,0.0,0.0
imagem_22,0.0,0.0
imagem_23,0.0,0.0
imagem_24,0.0,0.0
imagem_25,0.0,0.0
imagem_26,0.0,0.0
imagem_27,0.0,0.0
imagem_28,0.0,0.0
imagem_29,0.0,0.0
imagem_30,0.0,0.0
imagem_31,0.0,0.0
imagem_32,0.0,0.0
imagem_33,0.0,0.0
imagem_34,0.0,0.0
imagem_35,0.0,0.0
imagem_36,0.0,0.0
imagem_37,0.0,0.0
imagem_38,0.0,0.0
imagem_39,0.0,0.0
imagem_40,0.0,0.0
imagem_41,0.0,0.0
imagem_42,0.0,0.0
imagem_43,0.0,0.0
imagem_44,0.0,0.0
imagem_45,0.0,0.0
imagem_46,0.0,0.0
imagem_47,0.0,0.0
imagem_48,0.0,0.0
imagem_49,0.0,0.0
imagem_50,0.0,0.0
imagem_51,0.0,0.0
imagem_52,0.0,0.0
imagem_53,0.0,0.0
imagem_54,0.0,0.0
imagem_55,0.0,0.0
imagem_56,-1.0,0.0
imagem_57,-1.0,0.0
imagem_58,-1.0,0.0
imagem_59,-1.0,0.0
imagem_60,0.0,0.0
imagem_61,0.0,0.0
imagem_62,0.0,0.0
imagem_63,0.0,0.0
imagem_64,0.0,0.0
imagem_65,0.0,0.0
imagem_66,-1.0,0.0
imagem_67,-1.0,0.0
imagem_68,-1.0,0.0
imagem_69,-1.0,0.0
imagem_70,-1.0,0.0
imagem_71,-1.0,0.0
imagem_72,-1.0,0.0
imagem_73,-1.0,0.0
imagem_74,0.0,0.0
imagem_75,0.0,0.0
imagem_76,0.0,0.0
imagem_77,0.0,0.0
imagem_78,0.0,0.0
imagem_79,0.0,0.0
imagem_80,0.0,0.0
imagem_81,0.0,0.0
imagem_82,0.0,0.0
imagem_83,0.0,0.0
imagem_84,0.0,0.0
imagem_85,0.0,0.0
imagem_86,0.0,0.0
imagem_87,0.0,0.0
imagem_88,-1.0,0.0
imagem_89,-1.0,0.0
imagem_90,-1.0,0.0
imagem_91,-1.0,0.0
imagem_92,0.0,0.0
imagem_93,0.0,0.0
imagem_94,0.0,0.0
imagem_95,0.0,0.0
imagem_96,0.0,0.0
imagem_97,0.0,0.0
imagem_98,0.0,0.0
imagem_99,0.0,0.0
imagem_100,0.0,0.0
imagem_101,0.0,0.0
imagem_102,0.0,0.0
imagem_103,0.0,0.0
imagem_104,0.0,0.0
imagem_105,0.0,0.0
imagem_106,0.0,0.0
imagem_107,0.0,0.0
imagem_108,0.0,0.0
imagem_109,0.0,0.0
imagem_110,0.0,0.0
imagem_111,0.0,0.0
imagem_112,0.0,0.0
imagem_113,0.0,0.0
imagem_114,0.0,0.0
imagem_115,0.0,0.0
imagem_116,0.0,0.0
imagem_117,0.0,0.0
imagem_118,0.0,0.0
imagem_119,0.0,0.0
imagem_120,0.0,0.0
imagem_121,0.0,0.0
imagem_122,0.0,0.0
imagem_123,0.0,0.0
imagem_124,0.0,0.0
imagem_125,0.0,0.0
imagem_126,0.0,0.0
imagem_127,0.0,0.0
imagem_128,0.0,0.0
imagem_129,0.0,0.0
imagem_130,0.0,0.0
imagem_131,0.0,0.0
imagem_132,0.0,0.0
imagem_133,0.0,0.0
imagem_134,0.0,0.0
imagem_135,0.0,0.0
imagem_136,0.0,0.0
imagem_137,0.0,0.0
imagem_138,-1.0,0.0
imagem_139,-1.0,0.0
imagem_140,0.0,0.0
imagem_141,0.0,0.0
imagem_142,0.0,0.0
imagem_143,0.0,0.0
imagem_144,0.0,0.0
imagem_145,0.0,0.0
imagem_146,0.0,0.0
imagem_147,0.0,0.0
imagem_148,0.0,0.0
imagem_149,0.0,0.0
imagem_150,0.0,0.0
imagem_151,0.0,0.0
imagem_152,0.0,0.0
imagem_153,0.0,0.0
imagem_154,0.0,0.0
imagem_155,0.0,0.0
imagem_156,0.0,0.0
imagem_157,0.0,0.0
imagem_158,0.0,0.0
imagem_159,0.0,0.0
imagem_160,0.0,0.0
imagem_161,0.0,0.0
imagem_162,0.0,0.0
imagem_163,0.0,0.0
imagem_164,0.0,0.0
imagem_165,0.0,0.0
imagem_166,0.0,0.0
imagem_167,0.0,0.0
imagem_168,0.0,0.0
imagem_169,0.0,0.0
imagem_170,0.0,0.0
imagem_171,0.0,0.0
imagem_172,0.0,0.0
imagem_173,0.0,0.0
imagem_174,0.0,0.0
imagem_175,0.0,0.0
imagem_176,0.0,0.0
imagem_177,0.0,0.0
imagem_178,0.0,0.0
imagem_179,0.0,0.0
imagem_180,0.0,0.0
imagem_181,0.0,0.0
imagem_182,0.0,0.0
imagem_183,0.0,0.0
imagem_184,0.0,0.0
imagem_185,0.0,0.0
imagem_186,0.0,0.0
imagem_187,0.0,0.0
imagem_188,0.0,0.0
imagem_189,0.0,0.0
imagem_190,0.0,0.0
imagem_191,0.0,0.0
imagem_192,0.0,0.0
imagem_193,0.0,0.0
imagem_194,0.0,0.0
imagem_195,0.0,0.0
imagem_196,0.0,0.0
imagem_197,0.0,0.0
imagem_198,0.0,0.0
imagem_199,0.0,0.0
imagem_200,0.0,0.0
imagem_201,0.0,0.0
imagem_202,0.0,0.0
imagem_203,0.0,0.0
imagem_204,0.0,0.0
imagem_205,0.0,0.0
imagem_206,0.0,0.0
imagem_207,0.0,0.0
imagem_208,0.0,0.0
imagem_209,0.0,0.0
imagem_210,0.0,0.0
imagem_211,0.0,0.0
imagem_212,0.0,0.0
imagem_213,0.0,0.0
imagem_214,0.0,0.0
imagem_215,0.0,0.0
imagem_216,0.0,0.0
imagem_217,0.0,0.0
imagem_218,0.0,0.0
imagem_219,0.0,0.0
imagem_220,0.0,0.0
imagem_221,0.0,0.0
imagem_222,0.0,0.0
imagem_223,0.0,0.0
imagem_224,0.0,0.0
imagem_225,0.0,0.0
imagem_226,0.0,0.0
imagem_227,0.0,0.0
imagem_228,0.0,0.0
imagem_229,0.0,0.0
imagem_230,0.0,0.0
imagem_231,0.0,0.0
imagem_232,0.0,0.0
imagem_233,0.0,0.0
imagem_234,0.0,0.0
imagem_235,0.0,0.0
imagem_236,0.0,0.0
imagem_237,0.0,0.0
imagem_238,0.0,0.0
imagem_239,0.0,0.0
imagem_240,0.0,0.0
imagem_241,0.0,0.0
imagem_242,0.0,0.0
imagem_243,0.0,0.0
imagem_244,0.0,0.0
imagem_245,0.0,0.0
imagem_246,0.0,0.0
imagem_247,0.0,0.0
imagem_248,0.0,0.0
imagem_249,0.0,0.0
imagem_250,0.0,0.0
imagem_251,0.0,0.0
imagem_252,0.0,0.0
imagem_253,0.0,0.0
imagem_254,0.0,0.0
imagem_255,0.0,0.0
imagem_256,0.0,0.0
imagem_257,0.0,0.0
imagem_258,0.0,0.0
imagem_259,0.0,0.0
imagem_260,0.0,0.0
imagem_261,0.0,0.0
imagem_262,0.0,0.0
imagem_263,0.0,0.0
imagem_264,0.0,0.0
imagem_265,0.0,0.0
imagem_266,0.0,0.0
imagem_267,0.0,0.0
imagem_268,0.0,0.0
imagem_269,0.0,0.0
imagem_270,0.0,0.0
imagem_271,0.0,0.0
imagem_272,0.0,0.0
imagem_273,0.0,0.0
imagem_274,0.0,0.0
imagem_275,0.0,0.0
imagem_276,0.0,0.0
imagem_277,0.0,0.0
imagem_278,0.0,0.0
imagem_279,0.0,0.0
imagem_280,0.0,0.0
imagem_281,0.0,0.0
imagem_282,0.0,0.0
imagem_283,0.0,0.0
imagem_284,0.0,0.0
imagem_285,0.0,0.0
imagem_286,0.0,0.0
imagem_287,0.0,0.0
imagem_288,0.0,0.0
imagem_289,0.0,0.0
imagem_290,0.0,0.0
imagem_291,0.0,0.0
imagem_292,0.0,0.0
imagem_293,0.0,0.0
imagem_294,0.0,0.0
imagem_295,0.0,0.0
imagem_296,0.0,0.0
imagem_297,0.0,0.0
imagem_298,0.0,0.0
imagem_299,0.0,0.0
imagem_300,0.0,0.0
imagem_301,0.0,0.0
imagem_302,0.0,0.0
imagem_303,0.0,0.0
imagem_304,0.0,0.0
imagem_305,0.0,0.0
imagem_306,0.0,0.0
imagem_307,0.0,0.0
imagem_308,0.0,0.0
imagem_309,0.0,0.0
imagem_310,0.0,0.0
imagem_311,0.0,0.0
imagem_312,0.0,0.0
imagem_313,0.0,0.0
imagem_314,0.0,0.0
imagem_315,0.0,0.0
imagem_316,0.0,0.0
imagem_317,0.0,0.0
imagem_318,0.0,0.0
imagem_319,0.0,0.0
imagem_320,0.0,0.0
imagem_321,0.0,0.0
imagem_322,0.0,0.0
imagem_323,0.0,0.0
imagem_324,0.0,0.0
imagem_325,1.0,0.0
imagem_326,1.0,0.0
imagem_327,1.0,0.0
imagem_328,1.0,0.0
imagem_329,1.0,0.0
imagem_330,1.0,0.0
imagem_331,1.0,0.0
imagem_332,1.0,0.0
imagem_333,0.0,0.0
imagem_334,0.0,0.0
imagem_335,0.0,0.0
imagem_336,0.0,0.0
imagem_337,0.0,0.0
imagem_338,0.0,0.0
imagem_339,0.0,0.0
imagem_340,0.0,0.0
imagem_341,0.0,0.0
imagem_342,-1.0,0.0
imagem_343,-1.0,0.0
imagem_344,-1.0,0.0
imagem_345,-1.0,0.0
imagem_346,-1.0,0.0
imagem_347,-1.0,0.0
imagem_348,0.0,0.0
imagem_349,0.0,0.0
imagem_350,0.0,0.0
imagem_351,0.0,0.0
imagem_352,0.0,0.0
imagem_353,0.0,0.0
imagem_354,0.0,0.0
imagem_355,0.0,0.0
imagem_356,0.0,0.0
imagem_357,0.0,0.0
imagem_358,0.0,0.0
imagem_359,0.0,0.0
imagem_360,0.0,0.0
imagem_361,0.0,0.0
imagem_362,0.0,0.0
imagem_363,0.0,0.0
imagem_364,0.0,0.0
imagem_365,0.0,0.0
imagem_366,0.0,0.0
imagem_367,0.0,0.0
imagem_368,-1.0,0.0
imagem_369,-1.0,0.0
imagem_370,-1.0,0.0
imagem_371,-1.0,0.0
imagem_372,-1.0,0.0
imagem_373,0.0,0.0
imagem_374,0.0,0.0
imagem_375,0.0,0.0
imagem_376,0.0,0.0
imagem_377,0.0,0.0
imagem_378,0.0,0.0
imagem_379,0.0,0.0
imagem_380,0.0,0.0
imagem_381,0.0,0.0
imagem_382,0.0,0.0
imagem_383,0.0,0.0
imagem_384,0.0,0.0
imagem_385,0.0,0.0
imagem_386,0.0,0.0
imagem_387,0.0,0.0
imagem_388,0.0,0.0
imagem_389,0.0,0.0
imagem_390,0.0,0.0
imagem_391,0.0,0.0
imagem_392,0.0,0.0
imagem_393,0.0,0.0
imagem_394,-1.0,0.0
imagem_395,-1.0,0.0
imagem_396,-1.0,0.0
imagem_397,0.0,0.0
imagem_398,0.0,0.0
imagem_399,0.0,0.0
imagem_400,0.0,0.0
imagem_401,0.0,0.0
imagem_402,0.0,0.0
imagem_403,0.0,0.0
imagem_404,0.0,0.0
imagem_405,0.0,0.0
imagem_406,0.0,0.0
imagem_407,0.0,0.0
imagem_408,0.0,0.0
imagem_409,0.0,0.0
imagem_410,0.0,0.0
imagem_411,0.0,0.0
imagem_412,0.0,0.0
imagem_413,0.0,0.0
imagem_414,0.0,0.0
imagem_415,0.0,0.0
imagem_416,0.0,0.0
imagem_417,0.0,0.0
imagem_418,0.0,0.0
imagem_419,0.0,0.0
imagem_420,0.0,0.0
imagem_421,0.0,0.0
imagem_422,0.0,0.0
imagem_423,0.0,0.0
imagem_424,0.0,0.0
imagem_425,0.0,0.0
imagem_426,0.0,0.0
imagem_427,0.0,0.0
imagem_428,0.0,0.0
imagem_429,0.0,0.0
imagem_430,0.0,0.0
imagem_431,0.0,0.0
imagem_432,0.0,0.0
imagem_433,0.0,0.0
imagem_434,0.0,0.0
imagem_435,0.0,0.0
imagem_436,0.0,0.0
imagem_437,0.0,0.0
imagem_438,0.0,0.0
imagem_439,0.0,0.0
imagem_440,0.0,0.0
imagem_441,0.0,0.0
imagem_442,0.0,0.0
imagem_443,0.0,0.0
imagem_444,0.0,0.0
imagem_445,0.0,0.0
imagem_446,0.0,0.0
imagem_447,0.0,0.0
imagem_448,0.0,0.0
imagem_449,0.0,0.0
imagem_450,0.0,0.0
imagem_451,0.0,0.0
imagem_452,0.0,0.0
imagem_453,0.0,0.0
imagem_454,0.0,0.0
imagem_455,0.0,0.0
imagem_456,0.0,0.0
imagem_457,0.0,0.0
imagem_458,0.0,0.0
imagem_459,0.0,0.0
imagem_460,0.0,0.0
imagem_461,0.0,0.0
imagem_462,0.0,0.0
imagem_463,0.0,0.0
imagem_464,0.0,0.0
imagem_465,0.0,0.0
imagem_466,0.0,0.0
imagem_467,0.0,0.0
imagem_468,0.0,0.0
imagem_469,0.0,0.0
imagem_470,0.0,0.0
imagem_471,0.0,0.0
imagem_472,0.0,0.0
imagem_473,-1.0,0.0
imagem_474,-1.0,0.0
imagem_475,-1.0,0.0
imagem_476,-1.0,0.0
imagem_477,-1.0,0.0
imagem_478,-1.0,0.0
imagem_479,-1.0,0.0
imagem_480,0.0,0.0
imagem_481,0.0,0.0
imagem_482,0.0,0.0
imagem_483,0.0,0.0
imagem_484,0.0,0.0
imagem_485,0.0,0.0
imagem_486,0.0,0.0
imagem_487,0.0,0.0
imagem_488,0.0,0.0
imagem_489,0.0,0.0
imagem_490,0.0,0.0
imagem_491,0.0,0.0
imagem_492,0.0,0.0
imagem_493,0.0,0.0
imagem_494,0.0,0.0
imagem_495,0.0,0.0
imagem_496,0.0,0.0
imagem_497,-1.0,0.0
imagem_498,-1.0,0.0
imagem_499,-1.0,0.0
imagem_500,-1.0,0.0
imagem_501,-1.0,0.0
imagem_502,0.0,0.0
imagem_503,0.0,0.0
imagem_504,0.0,0.0
imagem_505,0.0,0.0
imagem_506,0.0,0.0
imagem_507,0.0,0.0
imagem_508,0.0,0.0
imagem_509,0.0,0.0
imagem_510,0.0,0.0
imagem_511,0.0,0.0
imagem_512,0.0,0.0
imagem_513,0.0,0.0
imagem_514,0.0,0.0
imagem_515,0.0,0.0
imagem_516,0.0,0.0
imagem_517,0.0,0.0
imagem_518,0.0,0.0
imagem_519,0.0,0.0
imagem_520,0.0,0.0
imagem_521,0.0,0.0
imagem_522,0.0,0.0
imagem_523,0.0,0.0
imagem_524,0.0,0.0
imagem_525,0.0,0.0
imagem_526,-1.0,0.0
imagem_527,-1.0,0.0
imagem_528,-1.0,0.0
imagem_529,0.0,0.0
imagem_530,0.0,0.0
imagem_531,0.0,0.0
imagem_532,0.0,0.0
imagem_533,0.0,0.0
imagem_534,0.0,0.0
imagem_535,0.0,0.0
imagem_536,0.0,0.0
imagem_537,0.0,0.0
imagem_538,0.0,0.0
imagem_539,0.0,0.0
imagem_540,0.0,0.0
imagem_541,-1.0,0.0
imagem_542,-1.0,0.0
imagem_543,0.0,0.0
imagem_544,0.0,0.0
imagem_545,0.0,0.0
imagem_546,0.0,0.0
imagem_547,0.0,0.0
imagem_548,0.0,0.0
imagem_549,0.0,0.0
imagem_550,0.0,0.0
imagem_551,0.0,0.0
imagem_552,0.0,0.0
imagem_553,0.0,0.0
imagem_554,0.0,0.0
imagem_555,0.0,0.0
imagem_556,0.0,0.0
imagem_557,0.0,0.0
imagem_558,0.0,0.0
imagem_559,0.0,0.0
imagem_560,0.0,0.0
imagem_561,0.0,0.0
imagem_562,0.0,0.0
imagem_563,0.0,0.0
imagem_564,0.0,0.0
imagem_565,0.0,0.0
imagem_566,0.0,0.0
imagem_567,0.0,0.0
imagem_568,0.0,0.0
imagem_569,0.0,0.0
imagem_570,1.0,0.0
imagem_571,1.0,0.0
imagem_572,1.0,0.0
imagem_573,1.0,0.0
imagem_574,1.0,0.0
imagem_575,1.0,0.0
imagem_576,1.0,0.0
imagem_577,0.0,0.0
imagem_578,0.0,0.0
imagem_579,0.0,0.0
imagem_580,0.0,0.0
imagem_581,0.0,0.0
imagem_582,0.0,0.0
imagem_583,0.0,0.0
imagem_584,0.0,0.0
imagem_585,0.0,0.0
imagem_586,0.0,0.0
imagem_587,0.0,0.0
imagem_588,0.0,0.0
imagem_589,0.0,0.0
imagem_590,0.0,0.0
imagem_591,0.0,0.0
imagem_592,0.0,0.0
imagem_593,0.0,0.0
imagem_594,0.0,0.0
imagem_595,0.0,0.0
imagem_596,-1.0,0.0
imagem_597,-1.0,0.0
imagem_598,-1.0,0.0
imagem_599,-1.0,0.0
imagem_600,-1.0,0.0
imagem_601,-1.0,0.0
imagem_602,-1.0,0.0
imagem_603,-1.0,0.0
imagem_604,-1.0,0.0
imagem_605,-1.0,0.0
imagem_606,-1.0,0.0
imagem_607,0.0,0.0
imagem_608,0.0,0.0
imagem_609,0.0,0.0
imagem_610,0.0,0.0
imagem_611,0.0,0.0
imagem_612,0.0,0.0
imagem_613,0.0,0.0
imagem_614,0.0,0.0
imagem_615,0.0,0.0
imagem_616,0.0,0.0
imagem_617,0.0,0.0
imagem_618,-1.0,0.0
imagem_619,-1.0,0.0
imagem_620,-1.0,0.0
imagem_621,-1.0,0.0
imagem_622,-1.0,0.0
imagem_623,-1.0,0.0
imagem_624,0.0,0.0
imagem_625,0.0,0.0
imagem_626,0.0,0.0
imagem_627,0.0,0.0
imagem_628,0.0,0.0
imagem_629,0.0,0.0
imagem_630,0.0,0.0
imagem_631,0.0,0.0
imagem_632,0.0,0.0
imagem_633,0.0,0.0
imagem_634,0.0,0.0
imagem_635,0.0,0.0
imagem_636,0.0,0.0
imagem_637,0.0,0.0
imagem_638,0.0,0.0
imagem_639,0.0,0.0
imagem_640,0.0,0.0
imagem_641,0.0,0.0
imagem_642,0.0,0.0
imagem_643,0.0,0.0
imagem_644,0.0,0.0
imagem_645,0.0,0.0
imagem_646,0.0,0.0
imagem_647,0.0,0.0
imagem_648,0.0,0.0
imagem_649,0.0,0.0
imagem_650,0.0,0.0
imagem_651,0.0,0.0
imagem_652,0.0,0.0
imagem_653,0.0,0.0
imagem_654,0.0,0.0
imagem_655,0.0,0.0
imagem_656,0.0,0.0
imagem_657,0.0,0.0
imagem_658,0.0,0.0
imagem_659,0.0,0.0
imagem_660,0.0,0.0
imagem_661,0.0,0.0
imagem_662,0.0,0.0
imagem_663,0.0,0.0
imagem_664,0.0,0.0
imagem_665,0.0,0.0
imagem_666,0.0,0.0
imagem_667,0.0,0.0
imagem_668,0.0,0.0
imagem_669,0.0,0.0
imagem_670,0.0,0.0
imagem_671,0.0,0.0
imagem_672,-1.0,0.0
imagem_673,-1.0,0.0
imagem_674,0.0,0.0
imagem_675,0.0,0.0
imagem_676,0.0,0.0
imagem_677,0.0,0.0
imagem_678,0.0,0.0
imagem_679,0.0,0.0
imagem_680,0.0,0.0
imagem_681,0.0,0.0
imagem_682,0.0,0.0
imagem_683,0.0,0.0
imagem_684,0.0,0.0
imagem_685,0.0,0.0
imagem_686,-1.0,0.0
imagem_687,-1.0,0.0
imagem_688,0.0,0.0
imagem_689,0.0,0.0
imagem_690,0.0,0.0
imagem_691,0.0,0.0
imagem_692,0.0,0.0
imagem_693,0.0,0.0
imagem_694,0.0,0.0
imagem_695,0.0,0.0
imagem_696,0.0,0.0
imagem_697,0.0,0.0
imagem_698,0.0,0.0
imagem_699,0.0,0.0
imagem_700,0.0,0.0
imagem_701,0.0,0.0
imagem_702,0.0,0.0
imagem_703,0.0,0.0
imagem_704,0.0,0.0
imagem_705,0.0,0.0
imagem_706,0.0,0.0
imagem_707,0.0,0.0
imagem_708,0.0,0.0
imagem_709,0.0,0.0
imagem_710,0.0,0.0
imagem_711,0.0,0.0
imagem_712,0.0,0.0
imagem_713,0.0,0.0
imagem_714,0.0,0.0
imagem_715,0.0,0.0
imagem_716,0.0,0.0
imagem_717,0.0,0.0
imagem_718,0.0,0.0
imagem_719,0.0,0.0
imagem_720,0.0,0.0
imagem_721,0.0,0.0
imagem_722,0.0,0.0
imagem_723,0.0,0.0
imagem_724,0.0,0.0
imagem_725,0.0,0.0
imagem_726,0.0,0.0
imagem_727,0.0,0.0
imagem_728,0.0,0.0
imagem_729,0.0,0.0
imagem_730,0.0,0.0
imagem_731,0.0,0.0
imagem_732,0.0,0.0
imagem_733,0.0,0.0
imagem_734,1.0,0.0
imagem_735,1.0,0.0
imagem_736,1.0,0.0
imagem_737,1.0,0.0
imagem_738,1.0,0.0
imagem_739,1.0,0.0
imagem_740,0.0,0.0
imagem_741,0.0,0.0
imagem_742,0.0,0.0
imagem_743,0.0,0.0
imagem_744,0.0,0.0
imagem_745,0.0,0.0
imagem_746,0.0,0.0
imagem_747,0.0,0.0
imagem_748,0.0,0.0
imagem_749,0.0,0.0
imagem_750,0.0,0.0
imagem_751,0.0,0.0
imagem_752,0.0,0.0
imagem_753,0.0,0.0
imagem_754,0.0,0.0
imagem_755,0.0,0.0
imagem_756,0.0,0.0
imagem_757,0.0,0.0
imagem_758,0.0,0.0
imagem_759,0.0,0.0
imagem_760,0.0,0.0
imagem_761,0.0,0.0
imagem_762,0.0,0.0
imagem_763,0.0,0.0
imagem_764,0.0,0.0
imagem_765,0.0,0.0
imagem_766,0.0,0.0
imagem_767,0.0,0.0
imagem_768,0.0,0.0
imagem_769,0.0,0.0
imagem_770,0.0,0.0
imagem_771,0.0,0.0
imagem_772,0.0,0.0
imagem_773,0.0,0.0
imagem_774,0.0,0.0
imagem_775,0.0,0.0
imagem_776,0.0,0.0
imagem_777,0.0,0.0
imagem_778,0.0,0.0
imagem_779,0.0,0.0
imagem_780,0.0,0.0
imagem_781,0.0,0.0
imagem_782,0.0,0.0
imagem_783,0.0,0.0
imagem_784,0.0,0.0
imagem_785,0.0,0.0
imagem_786,0.0,0.0
imagem_787,0.0,0.0
imagem_788,0.0,0.0
imagem_789,0.0,0.0
imagem_790,0.0,0.0
imagem_791,0.0,0.0
imagem_792,0.0,0.0
imagem_793,0.0,0.0
imagem_794,0.0,0.0
imagem_795,0.0,0.0
imagem_796,0.0,0.0
imagem_797,0.0,0.0
imagem_798,0.0,0.0
imagem_799,0.0,0.0
imagem_800,0.0,0.0
imagem_801,0.0,0.0
imagem_802,0.0,0.0
imagem_803,0.0,0.0
imagem_804,0.0,0.0
imagem_805,0.0,0.0
imagem_806,0.0,0.0
imagem_807,0.0,0.0
imagem_808,0.0,0.0
imagem_809,0.0,0.0
imagem_810,0.0,0.0
imagem_811,0.0,0.0
imagem_812,0.0,0.0
imagem_813,0.0,0.0
imagem_814,0.0,0.0
imagem_815,0.0,0.0
imagem_816,0.0,0.0
imagem_817,0.0,0.0
imagem_818,0.0,0.0
imagem_819,0.0,0.0
imagem_820,0.0,0.0
imagem_821,0.0,0.0
imagem_822,0.0,0.0
imagem_823,0.0,0.0
imagem_824,0.0,0.0
imagem_825,1.0,0.0
imagem_826,1.0,0.0
imagem_827,1.0,0.0
imagem_828,0.0,0.0
imagem_829,0.0,0.0
imagem_830,0.0,0.0
imagem_831,0.0,0.0
imagem_832,0.0,0.0
imagem_833,0.0,0.0
imagem_834,0.0,0.0
imagem_835,0.0,0.0
imagem_836,0.0,0.0
imagem_837,0.0,0.0
imagem_838,0.0,0.0
imagem_839,0.0,0.0
imagem_840,0.0,0.0
imagem_841,0.0,0.0
imagem_842,0.0,0.0
imagem_843,0.0,0.0
imagem_844,0.0,0.0
imagem_845,0.0,0.0
imagem_846,0.0,0.0
imagem_847,0.0,0.0
imagem_848,-1.0,0.0
imagem_849,-1.0,0.0
imagem_850,-1.0,0.0
imagem_851,-1.0,0.0
imagem_852,-1.0,0.0
imagem_853,-1.0,0.0
imagem_854,-1.0,0.0
imagem_855,-1.0,0.0
imagem_856,-1.0,0.0
imagem_857,-1.0,0.0
imagem_858,-1.0,0.0
imagem_859,-1.0,0.0
imagem_860,-1.0,0.0
imagem_861,-1.0,0.0
imagem_862,0.0,0.0
imagem_863,0.0,0.0
imagem_864,0.0,0.0
imagem_865,0.0,0.0
imagem_866,0.0,0.0
imagem_867,0.0,0.0
imagem_868,0.0,0.0
imagem_869,0.0,0.0
imagem_870,0.0,0.0
imagem_871,0.0,0.0
imagem_872,0.0,0.0
imagem_873,0.0,0.0
imagem_874,0.0,0.0
imagem_875,-1.0,0.0
imagem_876,-1.0,0.0
imagem_877,-1.0,0.0
imagem_878,-1.0,0.0
imagem_879,-1.0,0.0
imagem_880,0.0,0.0
imagem_881,0.0,0.0
imagem_882,0.0,0.0
imagem_883,0.0,0.0
imagem_884,0.0,0.0
imagem_885,0.0,0.0
imagem_886,0.0,0.0
imagem_887,0.0,0.0
imagem_888,0.0,0.0
imagem_889,0.0,0.0
imagem_890,0.0,0.0
imagem_891,0.0,0.0
imagem_892,0.0,0.0
imagem_893,0.0,0.0
imagem_894,0.0,0.0
imagem_895,0.0,0.0
imagem_896,0.0,0.0
imagem_897,0.0,0.0
imagem_898,0.0,0.0
imagem_899,0.0,0.0
imagem_900,0.0,0.0
imagem_901,0.0,0.0
imagem_902,0.0,0.0
imagem_903,0.0,0.0
imagem_904,0.0,0.0
imagem_905,0.0,0.0
imagem_906,0.0,0.0
imagem_907,0.0,0.0
imagem_908,0.0,0.0
imagem_909,0.0,0.0
imagem_910,0.0,0.0
imagem_911,0.0,0.0
imagem_912,0.0,0.0
imagem_913,0.0,0.0
imagem_914,0.0,0.0
imagem_915,0.0,0.0
imagem_916,0.0,0.0
imagem_917,0.0,0.0
imagem_918,0.0,0.0
imagem_919,0.0,0.0
imagem_920,0.0,0.0
imagem_921,0.0,0.0
imagem_922,0.0,0.0
imagem_923,0.0,0.0
imagem_924,0.0,0.0
imagem_925,0.0,0.0
imagem_926,0.0,0.0
imagem_927,0.0,0.0
imagem_928,0.0,0.0
imagem_929,0.0,0.0
imagem_930,0.0,0.0
imagem_931,0.0,0.0
imagem_932,0.0,0.0
imagem_933,0.0,0.0
imagem_934,0.0,0.0
imagem_935,0.0,0.0
imagem_936,-1.0,0.0
imagem_937,-1.0,0.0
imagem_938,0.0,0.0
imagem_939,0.0,0.0
imagem_940,0.0,0.0
imagem_941,0.0,0.0
imagem_942,0.0,0.0
imagem_943,0.0,0.0
imagem_944,0.0,0.0
imagem_945,0.0,0.0
imagem_946,0.0,0.0
imagem_947,0.0,0.0
imagem_948,0.0,0.0
imagem_949,0.0,0.0
imagem_950,0.0,0.0
imagem_951,0.0,0.0
imagem_952,0.0,0.0
imagem_953,0.0,0.0
imagem_954,0.0,0.0
imagem_955,0.0,0.0
imagem_956,0.0,0.0
imagem_957,0.0,0.0
imagem_958,0.0,0.0
imagem_959,0.0,0.0
imagem_960,0.0,0.0
imagem_961,0.0,0.0
imagem_962,0.0,0.0
imagem_963,0.0,0.0
imagem_964,0.0,0.0
imagem_965,0.0,0.0
imagem_966,0.0,0.0
imagem_967,0.0,0.0
imagem_968,0.0,0.0
imagem_969,0.0,0.0
imagem_970,0.0,0.0
imagem_971,0.0,0.0
imagem_972,0.0,0.0
imagem_973,-1.0,0.0
imagem_974,-1.0,0.0
imagem_975,0.0,0.0
imagem_976,0.0,0.0
imagem_977,0.0,0.0
imagem_978,0.0,0.0
imagem_979,0.0,0.0
imagem_980,0.0,0.0
imagem_981,0.0,0.0
imagem_982,0.0,0.0
imagem_983,0.0,0.0
imagem_984,0.0,0.0
imagem_985,0.0,0.0
imagem_986,0.0,0.0
imagem_987,0.0,0.0
imagem_988,0.0,0.0
imagem_989,0.0,0.0
imagem_990,0.0,0.0
imagem_991,0.0,0.0
imagem_992,0.0,0.0
imagem_993,0.0,0.0
imagem_994,0.0,0.0
imagem_995,0.0,0.0
imagem_996,0.0,0.0
imagem_997,0.0,0.0
imagem_998,0.0,0.0
imagem_999,0.0,0.0
imagem_1000,0.0,0.0
imagem_1001,0.0,0.0
imagem_1002,0.0,0.0
imagem_1003,0.0,0.0
imagem_1004,0.0,0.0
imagem_1005,0.0,0.0
imagem_1006,0.0,0.0
imagem_1007,0.0,0.0
imagem_1008,0.0,0.0
imagem_1009,0.0,0.0
imagem_1010,0.0,0.0
imagem_1011,0.0,0.0
imagem_1012,0.0,0.0
imagem_1013,0.0,0.0
imagem_1014,0.0,0.0
imagem_1015,0.0,0.0
imagem_1016,0.0,0.0
imagem_1017,0.0,0.0
imagem_1018,0.0,0.0
imagem_1019,0.0,0.0
imagem_1020,0.0,0.0
imagem_1021,0.0,0.0
imagem_1022,0.0,0.0
imagem_1023,0.0,0.0
imagem_1024,0.0,0.0
imagem_1025,0.0,0.0
imagem_1026,0.0,0.0
imagem_1027,0.0,0.0
imagem_1028,0.0,0.0
imagem_1029,0.0,0.0
imagem_1030,0.0,0.0
imagem_1031,0.0,0.0
imagem_1032,0.0,0.0
imagem_1033,0.0,0.0
imagem_1034,0.0,0.0
imagem_1035,0.0,0.0
imagem_1036,0.0,0.0
imagem_1037,0.0,0.0
imagem_1038,0.0,0.0
imagem_1039,0.0,0.0
imagem_1040,0.0,0.0
imagem_1041,0.0,0.0
imagem_1042,0.0,0.0
imagem_1043,0.0,0.0
imagem_1044,0.0,0.0
imagem_1045,0.0,0.0
imagem_1046,1.0,0.0
imagem_1047,1.0,0.0
imagem_1048,1.0,0.0
imagem_1049,1.0,0.0
imagem_1050,1.0,0.0
imagem_1051,1.0,0.0
imagem_1052,1.0,0.0
imagem_1053,1.0,0.0
imagem_1054,1.0,0.0
imagem_1055,0.0,0.0
imagem_1056,0.0,0.0
imagem_1057,0.0,0.0
imagem_1058,0.0,0.0
imagem_1059,0.0,0.0
imagem_1060,0.0,0.0
imagem_1061,0.0,0.0
imagem_1062,0.0,0.0
imagem_1063,0.0,0.0
imagem_1064,0.0,0.0
imagem_1065,0.0,0.0
imagem_1066,0.0,0.0
imagem_1067,0.0,0.0
imagem_1068,0.0,0.0
imagem_1069,0.0,0.0
imagem_1070,0.0,0.0
imagem_1071,0.0,0.0
imagem_1072,0.0,0.0
imagem_1073,0.0,0.0
imagem_1074,0.0,0.0
imagem_1075,0.0,0.0
imagem_1076,0.0,0.0
imagem_1077,0.0,0.0
imagem_1078,0.0,0.0
imagem_1079,0.0,0.0
imagem_1080,0.0,0.0
imagem_1081,0.0,0.0
imagem_1082,0.0,0.0
imagem_1083,0.0,0.0
imagem_1084,0.0,0.0
imagem_1085,0.0,0.0
imagem_1086,0.0,0.0
imagem_1087,0.0,0.0
imagem_1088,0.0,0.0
imagem_1089,0.0,0.0
imagem_1090,0.0,0.0
imagem_1091,0.0,0.0
imagem_1092,0.0,0.0
imagem_1093,1.0,0.0
imagem_1094,1.0,0.0
imagem_1095,1.0,0.0
imagem_1096,0.0,0.0
imagem_1097,0.0,0.0
imagem_1098,0.0,0.0
imagem_1099,0.0,0.0
imagem_1100,0.0,0.0
imagem_1101,0.0,0.0
imagem_1102,0.0,0.0
imagem_1103,0.0,0.0
imagem_1104,0.0,0.0
imagem_1105,0.0,0.0
imagem_1106,0.0,0.0
imagem_1107,0.0,0.0
imagem_1108,0.0,0.0
imagem_1109,0.0,0.0
imagem_1110,0.0,0.0
imagem_1111,0.0,0.0
imagem_1112,0.0,0.0
imagem_1113,0.0,0.0
imagem_1114,0.0,0.0
imagem_1115,0.0,0.0
imagem_1116,0.0,0.0
imagem_1117,0.0,0.0
imagem_1118,0.0,0.0
imagem_1119,0.0,0.0
imagem_1120,0.0,0.0
imagem_1121,0.0,0.0
imagem_1122,0.0,0.0
imagem_1123,1.0,0.0
imagem_1124,1.0,0.0
imagem_1125,0.0,0.0
imagem_1126,0.0,0.0
imagem_1127,0.0,0.0
imagem_1128,0.0,0.0
imagem_1129,0.0,0.0
imagem_1130,0.0,0.0
imagem_1131,0.0,0.0
imagem_1132,0.0,0.0
imagem_1133,0.0,0.0
imagem_1134,0.0,0.0
imagem_1135,0.0,0.0
imagem_1136,0.0,0.0
imagem_1137,0.0,0.0
imagem_1138,0.0,0.0
imagem_1139,0.0,0.0
imagem_1140,0.0,0.0
imagem_1141,0.0,0.0
imagem_1142,0.0,0.0
imagem_1143,0.0,0.0
imagem_1144,0.0,0.0
imagem_1145,0.0,0.0
imagem_1146,0.0,0.0
imagem_1147,0.0,0.0
imagem_1148,0.0,0.0
imagem_1149,0.0,0.0
imagem_1150,0.0,0.0
imagem_1151,0.0,0.0
imagem_1152,0.0,0.0
imagem_1153,0.0,0.0
imagem_1154,0.0,0.0
imagem_1155,0.0,0.0
imagem_1156,0.0,0.0
imagem_1157,0.0,0.0
imagem_1158,0.0,0.0
imagem_1159,0.0,0.0
imagem_1160,0.0,0.0
imagem_1161,0.0,0.0
imagem_1162,0.0,0.0
imagem_1163,0.0,0.0
imagem_1164,0.0,0.0
imagem_1165,0.0,0.0
imagem_1166,0.0,0.0
imagem_1167,0.0,0.0
imagem_1168,0.0,0.0
imagem_1169,0.0,0.0
imagem_1170,0.0,0.0
imagem_1171,0.0,0.0
imagem_1172,0.0,0.0
imagem_1173,0.0,0.0
imagem_1174,0.0,0.0
imagem_1175,0.0,0.0
imagem_1176,0.0,0.0
imagem_1177,-1.0,0.0
imagem_1178,-1.0,0.0
imagem_1179,-1.0,0.0
imagem_1180,-1.0,0.0
imagem_1181,-1.0,0.0
imagem_1182,-1.0,0.0
imagem_1183,-1.0,0.0
imagem_1184,-1.0,0.0
imagem_1185,-1.0,0.0
imagem_1186,-1.0,0.0
imagem_1187,-1.0,0.0
imagem_1188,-1.0,0.0
imagem_1189,-1.0,0.0
imagem_1190,-1.0,0.0
imagem_1191,-1.0,0.0
imagem_1192,-1.0,0.0
imagem_1193,-1.0,0.0
imagem_1194,-1.0,0.0
imagem_1195,-1.0,0.0
imagem_1196,-1.0,0.0
imagem_1197,0.0,0.0
imagem_1198,0.0,0.0
imagem_1199,0.0,0.0
imagem_1200,0.0,0.0
imagem_1201,0.0,0.0
imagem_1202,0.0,0.0
imagem_1203,0.0,0.0
imagem_1204,0.0,0.0
imagem_1205,0.0,0.0
imagem_1206,0.0,0.0
imagem_1207,0.0,0.0
imagem_1208,0.0,0.0
imagem_1209,0.0,0.0
imagem_1210,0.0,0.0
imagem_1211,0.0,0.0
imagem_1212,0.0,0.0
imagem_1213,0.0,0.0
imagem_1214,0.0,0.0
imagem_1215,0.0,0.0
imagem_1216,0.0,0.0
imagem_1217,0.0,0.0
imagem_1218,0.0,0.0
imagem_1219,0.0,0.0
imagem_1220,0.0,0.0
imagem_1221,0.0,0.0
imagem_1222,0.0,0.0
imagem_1223,0.0,0.0
imagem_1224,0.0,0.0
imagem_1225,0.0,0.0
imagem_1226,0.0,0.0
imagem_1227,0.0,0.0
imagem_1228,0.0,0.0
imagem_1229,0.0,0.0
imagem_1230,0.0,0.0
imagem_1231,0.0,0.0
imagem_1232,0.0,0.0
imagem_1233,0.0,0.0
imagem_1234,0.0,0.0
imagem_1235,0.0,0.0
imagem_1236,0.0,0.0
imagem_1237,0.0,0.0
imagem_1238,0.0,0.0
imagem_1239,0.0,0.0
imagem_1240,0.0,0.0
imagem_1241,0.0,0.0
imagem_1242,0.0,0.0
imagem_1243,0.0,0.0
imagem_1244,0.0,0.0
imagem_1245,0.0,0.0
imagem_1246,0.0,0.0
imagem_1247,0.0,0.0
imagem_1248,0.0,0.0
imagem_1249,0.0,0.0
imagem_1250,0.0,0.0
imagem_1251,0.0,0.0
imagem_1252,0.0,0.0
imagem_1253,0.0,0.0
imagem_1254,0.0,0.0
imagem_1255,0.0,0.0
imagem_1256,0.0,0.0
imagem_1257,0.0,0.0
imagem_1258,0.0,0.0
imagem_1259,0.0,0.0
imagem_1260,0.0,0.0
imagem_1261,0.0,0.0
imagem_1262,0.0,0.0
imagem_1263,0.0,1.0
imagem_1264,0.0,1.0
imagem_1265,0.0,1.0
imagem_1266,0.0,1.0
imagem_1267,0.0,1.0
imagem_1268,0.0,1.0
imagem_1269,0.0,1.0
imagem_1270,0.0,0.0
imagem_1271,0.0,0.0
imagem_1272,0.0,0.0
imagem_1273,0.0,0.0
imagem_1274,0.0,0.0
imagem_1275,0.0,0.0
imagem_1276,0.0,0.0
imagem_1277,0.0,0.0
imagem_1278,0.0,0.0
imagem_1279,0.0,0.0
imagem_1280,0.0,0.0
imagem_1281,0.0,0.0
imagem_1282,0.0,0.0
imagem_1283,0.0,0.0
imagem_1284,0.0,0.0
imagem_1285,0.0,0.0
imagem_1286,0.0,0.0
imagem_1287,0.0,0.0
imagem_1288,0.0,0.0
imagem_1289,0.0,0.0
imagem_1290,0.0,0.0
imagem_1291,0.0,0.0
imagem_1292,0.0,0.0
imagem_1293,0.0,0.0
imagem_1294,0.0,0.0
imagem_1295,0.0,0.0
imagem_1296,0.0,0.0
imagem_1297,0.0,0.0
imagem_1298,0.0,0.0
imagem_1299,0.0,0.0
imagem_1300,0.0,0.0
imagem_1301,0.0,0.0
imagem_1302,0.0,0.0
imagem_1303,0.0,0.0
imagem_1304,0.0,0.0
imagem_1305,0.0,0.0
imagem_1306,0.0,0.0
imagem_1307,0.0,0.0
imagem_1308,0.0,0.0
imagem_1309,0.0,0.0
imagem_1310,0.0,0.0
imagem_1311,0.0,0.0
imagem_1312,0.0,0.0
imagem_1313,0.0,0.0
imagem_1314,0.0,0.0
imagem_1315,0.0,0.0
imagem_1316,0.0,0.0
imagem_1317,0.0,0.0
imagem_1318,0.0,0.0
imagem_1319,0.0,0.0
imagem_1320,0.0,0.0
imagem_1321,0.0,0.0
imagem_1322,-1.0,0.0
imagem_1323,-1.0,0.0
imagem_1324,-1.0,0.0
imagem_1325,-1.0,0.0
imagem_1326,-1.0,0.0
imagem_1327,-1.0,0.0
imagem_1328,-1.0,0.0
imagem_1329,-1.0,0.0
imagem_1330,0.0,0.0
imagem_1331,0.0,0.0
imagem_1332,0.0,0.0
imagem_1333,0.0,0.0
imagem_1334,0.0,0.0
imagem_1335,0.0,0.0
imagem_1336,0.0,0.0
imagem_1337,0.0,0.0
imagem_1338,0.0,0.0
imagem_1339,0.0,0.0
imagem_1340,0.0,0.0
imagem_1341,0.0,0.0
imagem_1342,0.0,0.0
imagem_1343,0.0,0.0
imagem_1344,0.0,0.0
imagem_1345,0.0,0.0
imagem_1346,0.0,0.0
imagem_1347,0.0,0.0
imagem_1348,0.0,0.0
imagem_1349,0.0,0.0
imagem_1350,0.0,0.0
imagem_1351,0.0,0.0
imagem_1352,0.0,0.0
imagem_1353,0.0,0.0
imagem_1354,0.0,0.0
imagem_1355,0.0,0.0
imagem_1356,0.0,0.0
imagem_1357,0.0,0.0
imagem_1358,0.0,0.0
imagem_1359,0.0,0.0
imagem_1360,0.0,0.0
imagem_1361,0.0,0.0
imagem_1362,0.0,0.0
imagem_1363,0.0,0.0
imagem_1364,0.0,0.0
imagem_1365,0.0,0.0
imagem_1366,0.0,0.0
imagem_1367,0.0,0.0
imagem_1368,0.0,0.0
imagem_1369,0.0,0.0
imagem_1370,0.0,0.0
imagem_1371,0.0,0.0
imagem_1372,0.0,0.0
imagem_1373,0.0,0.0
imagem_1374,0.0,0.0
imagem_1375,-1.0,0.0
imagem_1376,-1.0,0.0
imagem_1377,0.0,0.0
imagem_1378,0.0,0.0
imagem_1379,0.0,0.0
imagem_1380,0.0,0.0
imagem_1381,0.0,0.0
imagem_1382,0.0,0.0
imagem_1383,0.0,0.0
imagem_1384,0.0,0.0
imagem_1385,0.0,0.0
imagem_1386,0.0,0.0
imagem_1387,0.0,0.0
imagem_1388,0.0,0.0
imagem_1389,0.0,0.0
imagem_1390,0.0,0.0
imagem_1391,0.0,0.0
imagem_1392,0.0,0.0
imagem_1393,0.0,0.0
imagem_1394,0.0,0.0
imagem_1395,0.0,0.0
imagem_1396,-1.0,0.0
imagem_1397,-1.0,0.0
imagem_1398,0.0,0.0
imagem_1399,0.0,0.0
imagem_1400,0.0,0.0
imagem_1401,0.0,0.0
imagem_1402,0.0,0.0
imagem_1403,0.0,0.0
imagem_1404,0.0,0.0
imagem_1405,0.0,0.0
imagem_1406,0.0,0.0
imagem_1407,0.0,0.0
imagem_1408,0.0,0.0
imagem_1409,0.0,0.0
imagem_1410,0.0,0.0
imagem_1411,0.0,0.0
imagem_1412,0.0,0.0
imagem_1413,0.0,0.0
imagem_1414,0.0,0.0
imagem_1415,0.0,0.0
imagem_1416,0.0,0.0
imagem_1417,0.0,0.0
imagem_1418,0.0,0.0
imagem_1419,0.0,0.0
imagem_1420,0.0,0.0
imagem_1421,0.0,0.0
imagem_1422,0.0,0.0
imagem_1423,0.0,0.0
imagem_1424,0.0,0.0
imagem_1425,0.0,0.0
imagem_1426,0.0,0.0
imagem_1427,0.0,0.0
imagem_1428,0.0,0.0
imagem_1429,0.0,0.0
imagem_1430,0.0,0.0
imagem_1431,0.0,0.0
imagem_1432,0.0,0.0
imagem_1433,0.0,0.0
imagem_1434,0.0,0.0
imagem_1435,0.0,0.0
imagem_1436,0.0,0.0
imagem_1437,0.0,0.0
imagem_1438,0.0,0.0
imagem_1439,0.0,0.0
imagem_1440,0.0,0.0
imagem_1441,0.0,0.0
imagem_1442,0.0,0.0
imagem_1443,0.0,0.0
imagem_1444,0.0,0.0
imagem_1445,0.0,0.0
imagem_1446,0.0,0.0
imagem_1447,0.0,0.0
imagem_1448,0.0,0.0
imagem_1449,0.0,0.0
imagem_1450,0.0,0.0
imagem_1451,0.0,0.0
imagem_1452,0.0,0.0
imagem_1453,0.0,0.0
imagem_1454,0.0,0.0
imagem_1455,0.0,0.0
imagem_1456,0.0,0.0
imagem_1457,0.0,0.0
imagem_1458,0.0,0.0
imagem_1459,0.0,0.0
imagem_1460,0.0,0.0
imagem_1461,0.0,0.0
imagem_1462,0.0,0.0
imagem_1463,0.0,0.0
imagem_1464,0.0,0.0
imagem_1465,0.0,0.0
imagem_1466,0.0,0.0
imagem_1467,0.0,0.0
imagem_1468,0.0,0.0
imagem_1469,0.0,0.0
imagem_1470,0.0,0.0
imagem_1471,0.0,0.0
imagem_1472,0.0,0.0
imagem_1473,0.0,0.0
imagem_1474,0.0,0.0
imagem_1475,0.0,0.0
imagem_1476,0.0,0.0
imagem_1477,0.0,0.0
imagem_1478,0.0,0.0
imagem_1479,0.0,0.0
imagem_1480,0.0,0.0
imagem_1481,0.0,0.0
imagem_1482,0.0,0.0
imagem_1483,0.0,0.0
imagem_1484,0.0,0.0
imagem_1485,0.0,0.0
imagem_1486,0.0,0.0
imagem_1487,0.0,0.0
imagem_1488,0.0,0.0
imagem_1489,0.0,0.0
imagem_1490,0.0,0.0
imagem_1491,0.0,0.0
imagem_1492,0.0,0.0
imagem_1493,0.0,0.0
imagem_1494,0.0,0.0
imagem_1495,0.0,0.0
imagem_1496,0.0,0.0
imagem_1497,0.0,0.0
imagem_1498,0.0,0.0
imagem_1499,0.0,0.0
imagem_1500,0.0,0.0
imagem_1501,0.0,0.0
imagem_1502,0.0,0.0
imagem_1503,0.0,0.0
imagem_1504,0.0,0.0
imagem_1505,0.0,0.0
imagem_1506,0.0,0.0
imagem_1507,0.0,0.0
imagem_1508,0.0,0.0
imagem_1509,0.0,0.0
imagem_1510,0.0,0.0
imagem_1511,0.0,0.0
imagem_1512,0.0,0.0
imagem_1513,0.0,0.0
imagem_1514,0.0,0.0
imagem_1515,0.0,0.0
imagem_1516,0.0,0.0
imagem_1517,0.0,0.0
imagem_1518,0.0,0.0
imagem_1519,0.0,0.0
imagem_1520,0.0,0.0
imagem_1521,0.0,0.0
imagem_1522,0.0,0.0
imagem_1523,0.0,0.0
imagem_1524,0.0,0.0
imagem_1525,0.0,0.0
imagem_1526,0.0,0.0
imagem_1527,0.0,0.0
imagem_1528,0.0,0.0
imagem_1529,0.0,0.0
imagem_1530,0.0,0.0
imagem_1531,0.0,0.0
imagem_1532,0.0,0.0
imagem_1533,0.0,0.0
imagem_1534,0.0,0.0
imagem_1535,0.0,0.0
imagem_1536,0.0,0.0
imagem_1537,-1.0,0.0
imagem_1538,-1.0,0.0
imagem_1539,-1.0,0.0
imagem_1540,-1.0,0.0
imagem_1541,-1.0,0.0
imagem_1542,-1.0,0.0
imagem_1543,-1.0,0.0
imagem_1544,-1.0,0.0
imagem_1545,0.0,0.0
imagem_1546,0.0,0.0
imagem_1547,0.0,0.0
imagem_1548,0.0,0.0
imagem_1549,0.0,0.0
imagem_1550,0.0,0.0
imagem_1551,0.0,0.0
imagem_1552,0.0,0.0
imagem_1553,0.0,0.0
imagem_1554,0.0,0.0
imagem_1555,0.0,0.0
imagem_1556,0.0,0.0
imagem_1557,0.0,0.0
imagem_1558,0.0,0.0
imagem_1559,0.0,0.0
imagem_1560,0.0,0.0
imagem_1561,0.0,0.0
imagem_1562,-1.0,0.0
imagem_1563,0.0,1.0
imagem_1564,0.0,1.0
imagem_1565,0.0,1.0
imagem_1566,0.0,1.0
imagem_1567,0.0,1.0
imagem_1568,0.0,1.0
imagem_1569,0.0,1.0
imagem_1570,0.0,0.0
imagem_1571,0.0,0.0
imagem_1572,0.0,0.0
imagem_1573,0.0,0.0
imagem_1574,0.0,0.0
imagem_1575,0.0,0.0
imagem_1576,0.0,0.0
imagem_1577,0.0,0.0
imagem_1578,0.0,0.0
imagem_1579,0.0,0.0
imagem_1580,0.0,0.0
imagem_1581,0.0,0.0
imagem_1582,0.0,0.0
imagem_1583,0.0,0.0
imagem_1584,0.0,0.0
imagem_1585,0.0,0.0
imagem_1586,0.0,0.0
imagem_1587,0.0,0.0
imagem_1588,0.0,0.0
imagem_1589,0.0,0.0
imagem_1590,0.0,0.0
imagem_1591,0.0,0.0
imagem_1592,0.0,0.0
imagem_1593,0.0,0.0
imagem_1594,0.0,0.0
imagem_1595,0.0,0.0
imagem_1596,0.0,0.0
imagem_1597,0.0,0.0
imagem_1598,0.0,0.0
imagem_1599,0.0,0.0
imagem_1600,0.0,0.0
imagem_1601,0.0,0.0
imagem_1602,0.0,0.0
imagem_1603,0.0,0.0
imagem_1604,0.0,0.0
imagem_1605,0.0,0.0
imagem_1606,0.0,0.0
imagem_1607,0.0,0.0
imagem_1608,0.0,0.0
imagem_1609,0.0,0.0
imagem_1610,0.0,0.0
imagem_1611,0.0,0.0
imagem_1612,0.0,0.0
imagem_1613,0.0,0.0
imagem_1614,0.0,0.0
imagem_1615,0.0,0.0
imagem_1616,0.0,0.0
imagem_1617,0.0,0.0
imagem_1618,0.0,0.0
imagem_1619,0.0,0.0
imagem_1620,-1.0,0.0
imagem_1621,-1.0,0.0
imagem_1622,-1.0,0.0
imagem_1623,-1.0,0.0
imagem_1624,-1.0,0.0
imagem_1625,0.0,0.0
imagem_1626,0.0,0.0
imagem_1627,0.0,0.0
imagem_1628,0.0,0.0
imagem_1629,0.0,0.0
imagem_1630,0.0,0.0
imagem_1631,0.0,0.0
imagem_1632,0.0,0.0
imagem_1633,-1.0,0.0
imagem_1634,-1.0,0.0
imagem_1635,-1.0,0.0
imagem_1636,-1.0,0.0
imagem_1637,-1.0,0.0
imagem_1638,-1.0,0.0
imagem_1639,-1.0,0.0
imagem_1640,-1.0,0.0
imagem_1641,-1.0,0.0
imagem_1642,-1.0,0.0
imagem_1643,0.0,0.0
imagem_1644,0.0,0.0
imagem_1645,0.0,0.0
imagem_1646,0.0,0.0
imagem_1647,0.0,0.0
imagem_1648,0.0,0.0
imagem_1649,0.0,0.0
imagem_1650,0.0,0.0
imagem_1651,0.0,0.0
imagem_1652,0.0,0.0
imagem_1653,0.0,0.0
imagem_1654,0.0,0.0
imagem_1655,0.0,0.0
imagem_1656,0.0,0.0
imagem_1657,0.0,0.0
imagem_1658,0.0,0.0
imagem_1659,0.0,0.0
imagem_1660,0.0,0.0
imagem_1661,0.0,0.0
imagem_1662,0.0,0.0
imagem_1663,0.0,0.0
imagem_1664,0.0,0.0
imagem_1665,0.0,0.0
imagem_1666,0.0,0.0
imagem_1667,0.0,0.0
imagem_1668,0.0,0.0
imagem_1669,0.0,0.0
imagem_1670,0.0,0.0
imagem_1671,0.0,0.0
imagem_1672,0.0,0.0
imagem_1673,0.0,0.0
imagem_1674,0.0,0.0
imagem_1675,0.0,0.0
imagem_1676,0.0,0.0
imagem_1677,0.0,0.0
imagem_1678,0.0,0.0
imagem_1679,0.0,0.0
imagem_1680,0.0,0.0
imagem_1681,0.0,0.0
imagem_1682,0.0,0.0
imagem_1683,0.0,0.0
imagem_1684,0.0,0.0
imagem_1685,0.0,0.0
imagem_1686,0.0,0.0
imagem_1687,0.0,0.0
imagem_1688,0.0,0.0
imagem_1689,0.0,0.0
imagem_1690,0.0,0.0
imagem_1691,0.0,0.0
imagem_1692,0.0,0.0
imagem_1693,0.0,0.0
imagem_1694,0.0,0.0
imagem_1695,0.0,0.0
imagem_1696,0.0,0.0
imagem_1697,0.0,0.0
imagem_1698,0.0,0.0
imagem_1699,0.0,0.0
imagem_1700,0.0,0.0
imagem_1701,0.0,0.0
imagem_1702,0.0,0.0
imagem_1703,0.0,0.0
imagem_1704,0.0,0.0
imagem_1705,0.0,0.0
imagem_1706,0.0,0.0
imagem_1707,0.0,0.0
imagem_1708,0.0,0.0
imagem_1709,0.0,0.0
imagem_1710,0.0,0.0
imagem_1711,0.0,0.0
imagem_1712,0.0,0.0
imagem_1713,0.0,0.0
imagem_1714,0.0,0.0
imagem_1715,0.0,0.0
imagem_1716,0.0,0.0
imagem_1717,0.0,0.0
imagem_1718,0.0,0.0
imagem_1719,0.0,0.0
imagem_1720,0.0,0.0
imagem_1721,0.0,0.0
imagem_1722,0.0,0.0
imagem_1723,0.0,0.0
imagem_1724,0.0,0.0
imagem_1725,-1.0,0.0
imagem_1726,-1.0,0.0
imagem_1727,0.0,0.0
imagem_1728,0.0,0.0
imagem_1729,0.0,0.0
imagem_1730,0.0,0.0
imagem_1731,0.0,0.0
imagem_1732,0.0,0.0
imagem_1733,0.0,0.0
imagem_1734,0.0,0.0
imagem_1735,0.0,0.0
imagem_1736,0.0,0.0
imagem_1737,0.0,0.0
imagem_1738,0.0,0.0
imagem_1739,0.0,0.0
imagem_1740,0.0,0.0
imagem_1741,0.0,0.0
imagem_1742,0.0,0.0
imagem_1743,0.0,0.0
imagem_1744,0.0,0.0
imagem_1745,0.0,0.0
imagem_1746,0.0,0.0
imagem_1747,0.0,0.0
imagem_1748,0.0,0.0
imagem_1749,0.0,0.0
imagem_1750,0.0,0.0
imagem_1751,0.0,0.0
imagem_1752,0.0,0.0
imagem_1753,0.0,0.0
imagem_1754,0.0,0.0
imagem_1755,0.0,0.0
imagem_1756,0.0,0.0
imagem_1757,0.0,0.0
imagem_1758,0.0,0.0
imagem_1759,0.0,0.0
imagem_1760,0.0,0.0
imagem_1761,0.0,0.0
imagem_1762,0.0,0.0
imagem_1763,0.0,0.0
imagem_1764,0.0,0.0
imagem_1765,0.0,0.0
imagem_1766,0.0,0.0
imagem_1767,0.0,0.0
imagem_1768,0.0,0.0
imagem_1769,0.0,0.0
imagem_1770,0.0,0.0
imagem_1771,0.0,0.0
imagem_1772,0.0,0.0
imagem_1773,0.0,0.0
imagem_1774,0.0,0.0
imagem_1775,0.0,0.0
imagem_1776,0.0,0.0
imagem_1777,0.0,0.0
imagem_1778,0.0,0.0
imagem_1779,0.0,0.0
imagem_1780,0.0,0.0
imagem_1781,0.0,0.0
imagem_1782,0.0,0.0
imagem_1783,0.0,0.0
imagem_1784,0.0,0.0
imagem_1785,0.0,0.0
imagem_1786,0.0,0.0
imagem_1787,0.0,0.0
imagem_1788,0.0,0.0
imagem_1789,0.0,0.0
imagem_1790,0.0,0.0
imagem_1791,0.0,0.0
imagem_1792,0.0,0.0
imagem_1793,0.0,0.0
imagem_1794,0.0,0.0
imagem_1795,0.0,0.0
imagem_1796,0.0,0.0
imagem_1797,0.0,0.0
imagem_1798,0.0,0.0
imagem_1799,0.0,0.0
imagem_1800,0.0,0.0
imagem_1801,0.0,0.0
imagem_1802,0.0,0.0
imagem_1803,0.0,0.0
imagem_1804,0.0,0.0
imagem_1805,0.0,0.0
imagem_1806,0.0,0.0
imagem_1807,0.0,0.0
imagem_1808,0.0,0.0
imagem_1809,0.0,0.0
imagem_1810,0.0,0.0
imagem_1811,0.0,0.0
imagem_1812,0.0,0.0
imagem_1813,0.0,0.0
imagem_1814,0.0,0.0
imagem_1815,0.0,0.0
imagem_1816,0.0,0.0
imagem_1817,0.0,0.0
imagem_1818,0.0,0.0
imagem_1819,0.0,0.0
imagem_1820,0.0,0.0
imagem_1821,0.0,0.0
imagem_1822,0.0,0.0
imagem_1823,0.0,0.0
imagem_1824,0.0,0.0
imagem_1825,0.0,0.0
imagem_1826,0.0,0.0
imagem_1827,0.0,0.0
imagem_1828,0.0,0.0
imagem_1829,0.0,0.0
imagem_1830,0.0,0.0
imagem_1831,0.0,0.0
imagem_1832,0.0,0.0
imagem_1833,0.0,0.0
imagem_1834,0.0,0.0
imagem_1835,0.0,0.0
imagem_1836,0.0,0.0
imagem_1837,-1.0,0.0
imagem_1838,-1.0,0.0
imagem_1839,0.0,0.0
imagem_1840,0.0,0.0
imagem_1841,0.0,0.0
imagem_1842,0.0,0.0
imagem_1843,0.0,0.0
imagem_1844,0.0,0.0
imagem_1845,0.0,0.0
imagem_1846,0.0,0.0
imagem_1847,0.0,0.0
imagem_1848,0.0,0.0
imagem_1849,0.0,0.0
imagem_1850,0.0,0.0
imagem_1851,0.0,0.0
imagem_1852,0.0,0.0
imagem_1853,0.0,0.0
imagem_1854,0.0,0.0
imagem_1855,0.0,0.0
imagem_1856,0.0,0.0
imagem_1857,0.0,0.0
imagem_1858,0.0,0.0
imagem_1859,0.0,0.0
imagem_1860,0.0,0.0
imagem_1861,0.0,0.0
imagem_1862,0.0,0.0
imagem_1863,0.0,0.0
imagem_1864,0.0,0.0
imagem_1865,0.0,0.0
imagem_1866,0.0,0.0
imagem_1867,0.0,0.0
imagem_1868,0.0,0.0
imagem_1869,0.0,0.0
imagem_1870,0.0,0.0
imagem_1871,0.0,0.0
imagem_1872,0.0,0.0
imagem_1873,0.0,0.0
imagem_1874,1.0,0.0
imagem_1875,1.0,0.0
imagem_1876,1.0,0.0
imagem_1877,1.0,0.0
imagem_1878,1.0,0.0
imagem_1879,1.0,0.0
imagem_1880,1.0,0.0
imagem_1881,1.0,0.0
imagem_1882,1.0,0.0
imagem_1883,1.0,0.0
imagem_1884,1.0,0.0
imagem_1885,0.0,0.0
imagem_1886,0.0,0.0
imagem_1887,0.0,0.0
imagem_1888,0.0,0.0
imagem_1889,0.0,0.0
imagem_1890,0.0,0.0
imagem_1891,0.0,0.0
imagem_1892,0.0,0.0
imagem_1893,0.0,0.0
imagem_1894,0.0,0.0
imagem_1895,0.0,0.0
imagem_1896,0.0,0.0
imagem_1897,0.0,0.0
imagem_1898,0.0,0.0
imagem_1899,0.0,0.0
imagem_1900,0.0,0.0
imagem_1901,0.0,0.0
imagem_1902,0.0,0.0
imagem_1903,1.0,0.0
imagem_1904,1.0,0.0
imagem_1905,0.0,0.0
imagem_1906,0.0,0.0
imagem_1907,0.0,0.0
imagem_1908,0.0,0.0
imagem_1909,0.0,0.0
imagem_1910,0.0,0.0
imagem_1911,0.0,0.0
imagem_1912,0.0,0.0
imagem_1913,0.0,0.0
imagem_1914,0.0,0.0
imagem_1915,0.0,0.0
imagem_1916,0.0,0.0
imagem_1917,0.0,0.0
imagem_1918,0.0,0.0
imagem_1919,0.0,0.0
imagem_1920,0.0,0.0
imagem_1921,0.0,0.0
imagem_1922,0.0,0.0
imagem_1923,0.0,0.0
imagem_1924,0.0,0.0
imagem_1925,-1.0,0.0
imagem_1926,-1.0,0.0
imagem_1927,-1.0,0.0
imagem_1928,-1.0,0.0
imagem_1929,-1.0,0.0
imagem_1930,-1.0,0.0
imagem_1931,-1.0,0.0
imagem_1932,-1.0,0.0
imagem_1933,-1.0,0.0
imagem_1934,-1.0,0.0
imagem_1935,-1.0,0.0
imagem_1936,-1.0,0.0
imagem_1937,-1.0,0.0
imagem_1938,-1.0,0.0
imagem_1939,-1.0,0.0
imagem_1940,-1.0,0.0
imagem_1941,-1.0,0.0
imagem_1942,0.0,0.0
imagem_1943,0.0,0.0
imagem_1944,0.0,0.0
imagem_1945,0.0,0.0
imagem_1946,0.0,0.0
imagem_1947,0.0,0.0
imagem_1948,0.0,0.0
imagem_1949,0.0,0.0
imagem_1950,0.0,0.0
imagem_1951,0.0,0.0
imagem_1952,0.0,0.0
imagem_1953,0.0,0.0
imagem_1954,0.0,0.0
imagem_1955,0.0,0.0
imagem_1956,0.0,0.0
imagem_1957,0.0,0.0
imagem_1958,0.0,0.0
imagem_1959,0.0,0.0
imagem_1960,-1.0,0.0
imagem_1961,-1.0,0.0
imagem_1962,-1.0,0.0
imagem_1963,-1.0,0.0
imagem_1964,-1.0,0.0
imagem_1965,0.0,0.0
imagem_1966,0.0,0.0
imagem_1967,0.0,1.0
imagem_1968,0.0,1.0
imagem_1969,0.0,1.0
imagem_1970,0.0,1.0
imagem_1971,0.0,1.0
imagem_1972,0.0,1.0
imagem_1973,0.0,1.0
imagem_1974,0.0,0.0
imagem_1975,0.0,0.0
imagem_1976,0.0,0.0
imagem_1977,0.0,0.0
imagem_1978,0.0,0.0
imagem_1979,0.0,0.0
imagem_1980,0.0,0.0
imagem_1981,0.0,0.0
imagem_1982,0.0,0.0
imagem_1983,0.0,0.0
imagem_1984,0.0,0.0
imagem_1985,0.0,0.0
imagem_1986,0.0,0.0
imagem_1987,0.0,0.0
imagem_1988,0.0,0.0
imagem_1989,0.0,0.0
imagem_1990,0.0,0.0
imagem_1991,0.0,0.0
imagem_1992,1.0,0.0
imagem_1993,1.0,0.0
imagem_1994,0.0,0.0
imagem_1995,0.0,0.0
imagem_1996,0.0,0.0
imagem_1997,0.0,0.0
imagem_1998,0.0,0.0
imagem_1999,0.0,0.0
imagem_2000,0.0,0.0
imagem_2001,0.0,0.0
imagem_2002,0.0,0.0
imagem_2003,0.0,0.0
imagem_2004,0.0,0.0
imagem_2005,0.0,0.0
imagem_2006,0.0,0.0
imagem_2007,0.0,0.0
imagem_2008,0.0,0.0
imagem_2009,0.0,0.0
imagem_2010,0.0,0.0
imagem_2011,0.0,0.0
imagem_2012,0.0,0.0
imagem_2013,0.0,0.0
imagem_2014,0.0,0.0
imagem_2015,0.0,0.0
imagem_2016,0.0,0.0
imagem_2017,0.0,0.0
imagem_2018,1.0,0.0
imagem_2019,1.0,0.0
imagem_2020,0.0,0.0
imagem_2021,0.0,0.0
imagem_2022,0.0,0.0
imagem_2023,0.0,0.0
imagem_2024,0.0,0.0
imagem_2025,0.0,0.0
imagem_2026,0.0,0.0
imagem_2027,0.0,0.0
imagem_2028,0.0,0.0
imagem_2029,0.0,0.0
imagem_2030,0.0,0.0
imagem_2031,0.0,0.0
imagem_2032,0.0,0.0
imagem_2033,0.0,0.0
imagem_2034,0.0,0.0
imagem_2035,-1.0,0.0
imagem_2036,-1.0,0.0
imagem_2037,-1.0,0.0
imagem_2038,-1.0,0.0
imagem_2039,-1.0,0.0
imagem_2040,-1.0,0.0
imagem_2041,-1.0,0.0
imagem_2042,-1.0,0.0
imagem_2043,-1.0,0.0
imagem_2044,-1.0,0.0
imagem_2045,-1.0,0.0
imagem_2046,-1.0,0.0
imagem_2047,-1.0,0.0
imagem_2048,-1.0,0.0
imagem_2049,0.0,0.0
imagem_2050,0.0,0.0
imagem_2051,0.0,0.0
imagem_2052,0.0,0.0
imagem_2053,0.0,0.0
imagem_2054,0.0,0.0
imagem_2055,0.0,0.0
imagem_2056,0.0,0.0
imagem_2057,0.0,0.0
imagem_2058,0.0,0.0
imagem_2059,0.0,0.0
imagem_2060,0.0,0.0
imagem_2061,0.0,0.0
imagem_2062,0.0,0.0
imagem_2063,0.0,0.0
imagem_2064,0.0,0.0
imagem_2065,0.0,0.0
imagem_2066,0.0,0.0
imagem_2067,0.0,0.0
imagem_2068,0.0,0.0
imagem_2069,0.0,0.0
imagem_2070,0.0,0.0
imagem_2071,0.0,0.0
imagem_2072,0.0,0.0
imagem_2073,0.0,0.0
imagem_2074,0.0,0.0
imagem_2075,0.0,0.0
imagem_2076,0.0,0.0
imagem_2077,1.0,0.0
imagem_2078,1.0,0.0
imagem_2079,0.0,0.0
imagem_2080,0.0,0.0
imagem_2081,0.0,0.0
imagem_2082,0.0,0.0
imagem_2083,0.0,0.0
imagem_2084,0.0,0.0
imagem_2085,0.0,0.0
imagem_2086,0.0,0.0
imagem_2087,0.0,0.0
imagem_2088,0.0,0.0
imagem_2089,0.0,0.0
imagem_2090,0.0,0.0
imagem_2091,0.0,0.0
imagem_2092,0.0,0.0
imagem_2093,0.0,0.0
imagem_2094,0.0,0.0
imagem_2095,0.0,0.0
imagem_2096,0.0,0.0
imagem_2097,0.0,0.0
imagem_2098,0.0,0.0
imagem_2099,0.0,0.0
imagem_2100,0.0,0.0
imagem_2101,0.0,0.0
imagem_2102,0.0,0.0
imagem_2103,0.0,0.0
imagem_2104,0.0,0.0
imagem_2105,0.0,0.0
imagem_2106,0.0,0.0
imagem_2107,0.0,0.0
imagem_2108,0.0,0.0
imagem_2109,0.0,0.0
imagem_2110,0.0,0.0
imagem_2111,0.0,0.0
imagem_2112,0.0,0.0
imagem_2113,0.0,0.0
imagem_2114,1.0,0.0
imagem_2115,1.0,0.0
imagem_2116,0.0,0.0
imagem_2117,0.0,0.0
imagem_2118,0.0,0.0
imagem_2119,0.0,0.0
imagem_2120,0.0,0.0
imagem_2121,0.0,0.0
imagem_2122,0.0,0.0
imagem_2123,0.0,0.0
imagem_2124,0.0,0.0
imagem_2125,0.0,0.0
imagem_2126,0.0,0.0
imagem_2127,0.0,0.0
imagem_2128,0.0,0.0
imagem_2129,0.0,0.0
imagem_2130,0.0,0.0
imagem_2131,0.0,0.0
imagem_2132,0.0,0.0
imagem_2133,0.0,0.0
imagem_2134,0.0,0.0
imagem_2135,0.0,0.0
imagem_2136,0.0,0.0
imagem_2137,0.0,0.0
imagem_2138,0.0,0.0
imagem_2139,0.0,0.0
imagem_2140,0.0,0.0
imagem_2141,0.0,0.0
imagem_2142,0.0,0.0
imagem_2143,0.0,0.0
imagem_2144,0.0,0.0
imagem_2145,0.0,0.0
imagem_2146,0.0,0.0
imagem_2147,0.0,0.0
imagem_2148,0.0,0.0
imagem_2149,0.0,0.0
imagem_2150,0.0,0.0
imagem_2151,0.0,0.0
imagem_2152,0.0,0.0
imagem_2153,0.0,0.0
imagem_2154,0.0,0.0
imagem_2155,0.0,0.0
imagem_2156,0.0,0.0
imagem_2157,0.0,0.0
imagem_2158,0.0,0.0
imagem_2159,0.0,0.0
imagem_2160,0.0,0.0
imagem_2161,0.0,0.0
imagem_2162,0.0,0.0
imagem_2163,0.0,0.0
imagem_2164,0.0,0.0
imagem_2165,0.0,0.0
imagem_2166,0.0,0.0
imagem_2167,0.0,0.0
imagem_2168,0.0,0.0
imagem_2169,0.0,0.0
imagem_2170,0.0,0.0
imagem_2171,0.0,0.0
imagem_2172,0.0,0.0
imagem_2173,0.0,0.0
imagem_2174,0.0,0.0
imagem_2175,0.0,0.0
imagem_2176,0.0,0.0
imagem_2177,0.0,0.0
imagem_2178,0.0,0.0
imagem_2179,0.0,0.0
imagem_2180,0.0,0.0
imagem_2181,0.0,0.0
imagem_2182,0.0,0.0
imagem_2183,0.0,0.0
imagem_2184,0.0,0.0
imagem_2185,0.0,0.0
imagem_2186,0.0,0.0
imagem_2187,0.0,0.0
imagem_2188,0.0,0.0
imagem_2189,0.0,0.0
imagem_2190,0.0,0.0
imagem_2191,0.0,0.0
imagem_2192,0.0,0.0
imagem_2193,0.0,0.0
imagem_2194,0.0,0.0
imagem_2195,0.0,0.0
imagem_2196,0.0,0.0
imagem_2197,0.0,0.0
imagem_2198,0.0,0.0
imagem_2199,0.0,0.0
imagem_2200,0.0,0.0
imagem_2201,0.0,0.0
imagem_2202,0.0,0.0
imagem_2203,0.0,0.0
imagem_2204,0.0,0.0
imagem_2205,0.0,0.0
imagem_2206,0.0,0.0
imagem_2207,0.0,0.0
imagem_2208,0.0,0.0
imagem_2209,0.0,0.0
imagem_2210,0.0,0.0
imagem_2211,0.0,0.0
imagem_2212,0.0,0.0
imagem_2213,0.0,0.0
imagem_2214,0.0,0.0
imagem_2215,0.0,0.0
imagem_2216,0.0,0.0
imagem_2217,0.0,0.0
imagem_2218,0.0,0.0
imagem_2219,0.0,0.0
imagem_2220,0.0,0.0
imagem_2221,0.0,0.0
imagem_2222,0.0,0.0
imagem_2223,0.0,0.0
imagem_2224,0.0,0.0
imagem_2225,0.0,0.0
imagem_2226,0.0,0.0
imagem_2227,0.0,0.0
imagem_2228,0.0,0.0
imagem_2229,0.0,0.0
imagem_2230,0.0,0.0
imagem_2231,0.0,0.0
imagem_2232,0.0,0.0
imagem_2233,0.0,0.0
imagem_2234,0.0,0.0
imagem_2235,0.0,0.0
imagem_2236,0.0,0.0
imagem_2237,0.0,0.0
imagem_2238,0.0,0.0
imagem_2239,0.0,0.0
imagem_2240,0.0,0.0
imagem_2241,0.0,0.0
imagem_2242,0.0,0.0
imagem_2243,0.0,0.0
imagem_2244,0.0,0.0
imagem_2245,0.0,0.0
imagem_2246,0.0,0.0
imagem_2247,0.0,0.0
imagem_2248,0.0,0.0
imagem_2249,-1.0,0.0
imagem_2250,-1.0,0.0
imagem_2251,-1.0,0.0
imagem_2252,-1.0,0.0
imagem_2253,0.0,0.0
imagem_2254,0.0,0.0
imagem_2255,0.0,0.0
imagem_2256,0.0,0.0
imagem_2257,0.0,0.0
imagem_2258,0.0,0.0
imagem_2259,0.0,0.0
imagem_2260,0.0,0.0
imagem_2261,0.0,0.0
imagem_2262,0.0,0.0
imagem_2263,0.0,0.0
imagem_2264,0.0,0.0
imagem_2265,0.0,0.0
imagem_2266,0.0,0.0
imagem_2267,0.0,0.0
imagem_2268,-1.0,0.0
imagem_2269,-1.0,0.0
imagem_2270,-1.0,0.0
imagem_2271,0.0,0.0
imagem_2272,0.0,0.0
imagem_2273,0.0,0.0
imagem_2274,0.0,0.0
imagem_2275,0.0,0.0
imagem_2276,0.0,0.0
imagem_2277,0.0,0.0
imagem_2278,0.0,0.0
imagem_2279,0.0,0.0
imagem_2280,0.0,0.0
imagem_2281,0.0,0.0
imagem_2282,0.0,0.0
imagem_2283,0.0,0.0
imagem_2284,0.0,0.0
imagem_2285,-1.0,0.0
imagem_2286,-1.0,0.0
imagem_2287,-1.0,0.0
imagem_2288,0.0,0.0
imagem_2289,0.0,0.0
imagem_2290,0.0,0.0
imagem_2291,0.0,0.0
imagem_2292,0.0,0.0
imagem_2293,0.0,0.0
imagem_2294,0.0,0.0
imagem_2295,0.0,0.0
imagem_2296,0.0,0.0
imagem_2297,0.0,0.0
imagem_2298,0.0,0.0
imagem_2299,0.0,0.0
imagem_2300,0.0,0.0
imagem_2301,0.0,0.0
imagem_2302,0.0,0.0
imagem_2303,0.0,0.0
imagem_2304,0.0,0.0
imagem_2305,0.0,0.0
imagem_2306,0.0,0.0
imagem_2307,0.0,0.0
imagem_2308,0.0,0.0
imagem_2309,0.0,0.0
imagem_2310,0.0,0.0
imagem_2311,0.0,0.0
imagem_2312,0.0,0.0
imagem_2313,0.0,0.0
imagem_2314,0.0,0.0
imagem_2315,0.0,0.0
imagem_2316,1.0,0.0
imagem_2317,1.0,0.0
imagem_2318,1.0,0.0
imagem_2319,1.0,0.0
imagem_2320,1.0,0.0
imagem_2321,1.0,0.0
imagem_2322,1.0,0.0
imagem_2323,1.0,0.0
imagem_2324,1.0,0.0
imagem_2325,1.0,0.0
imagem_2326,0.0,0.0
imagem_2327,0.0,0.0
imagem_2328,0.0,0.0
imagem_2329,0.0,0.0
imagem_2330,0.0,0.0
imagem_2331,0.0,0.0
imagem_2332,0.0,0.0
imagem_2333,0.0,0.0
imagem_2334,0.0,0.0
imagem_2335,0.0,0.0
imagem_2336,0.0,0.0
imagem_2337,0.0,0.0
imagem_2338,0.0,0.0
imagem_2339,0.0,0.0
imagem_2340,0.0,0.0
imagem_2341,0.0,0.0
imagem_2342,0.0,0.0
imagem_2343,0.0,0.0
imagem_2344,-1.0,0.0
imagem_2345,-1.0,0.0
imagem_2346,-1.0,0.0
imagem_2347,-1.0,0.0
imagem_2348,0.0,0.0
imagem_2349,0.0,0.0
imagem_2350,0.0,0.0
imagem_2351,0.0,0.0
imagem_2352,0.0,0.0
imagem_2353,0.0,0.0
imagem_2354,0.0,0.0
imagem_2355,0.0,0.0
imagem_2356,0.0,0.0
imagem_2357,0.0,0.0
imagem_2358,0.0,0.0
imagem_2359,0.0,0.0
imagem_2360,0.0,0.0
imagem_2361,0.0,0.0
imagem_2362,0.0,0.0
imagem_2363,0.0,0.0
imagem_2364,0.0,0.0
imagem_2365,0.0,0.0
imagem_2366,0.0,0.0
imagem_2367,0.0,0.0
imagem_2368,0.0,0.0
imagem_2369,0.0,0.0
imagem_2370,0.0,0.0
imagem_2371,-1.0,0.0
imagem_2372,-1.0,0.0
imagem_2373,-1.0,0.0
imagem_2374,0.0,0.0
imagem_2375,0.0,0.0
imagem_2376,0.0,0.0
imagem_2377,0.0,0.0
imagem_2378,0.0,0.0
imagem_2379,0.0,0.0
imagem_2380,0.0,0.0
imagem_2381,0.0,0.0
imagem_2382,0.0,0.0
imagem_2383,0.0,0.0
imagem_2384,0.0,0.0
imagem_2385,0.0,0.0
imagem_2386,0.0,0.0
imagem_2387,0.0,0.0
imagem_2388,0.0,0.0
imagem_2389,0.0,0.0
imagem_2390,0.0,0.0
imagem_2391,0.0,0.0
imagem_2392,0.0,0.0
imagem_2393,0.0,0.0
imagem_2394,0.0,0.0
imagem_2395,0.0,0.0
imagem_2396,0.0,0.0
imagem_2397,0.0,0.0
imagem_2398,0.0,0.0
imagem_2399,0.0,0.0
imagem_2400,0.0,0.0
imagem_2401,0.0,0.0
imagem_2402,-1.0,0.0
imagem_2403,-1.0,0.0
imagem_2404,0.0,0.0
imagem_2405,0.0,0.0
imagem_2406,-1.0,0.0
imagem_2407,-1.0,0.0
imagem_2408,-1.0,0.0
imagem_2409,0.0,0.0
imagem_2410,0.0,0.0
imagem_2411,0.0,0.0
imagem_2412,0.0,0.0
imagem_2413,-1.0,0.0
imagem_2414,-1.0,0.0
imagem_2415,-1.0,0.0
imagem_2416,-1.0,0.0
imagem_2417,-1.0,0.0
imagem_2418,-1.0,0.0
imagem_2419,0.0,0.0
imagem_2420,0.0,0.0
imagem_2421,0.0,0.0
imagem_2422,0.0,0.0
imagem_2423,0.0,0.0
imagem_2424,0.0,0.0
imagem_2425,0.0,0.0
imagem_2426,0.0,0.0
imagem_2427,0.0,0.0
imagem_2428,0.0,0.0
imagem_2429,-1.0,0.0
imagem_2430,-1.0,0.0
imagem_2431,-1.0,0.0
imagem_2432,-1.0,0.0
imagem_2433,-1.0,0.0
imagem_2434,-1.0,0.0
imagem_2435,-1.0,0.0
imagem_2436,-1.0,0.0
imagem_2437,-1.0,0.0
imagem_2438,0.0,0.0
imagem_2439,0.0,0.0
imagem_2440,0.0,0.0
imagem_2441,0.0,0.0
imagem_2442,0.0,0.0
imagem_2443,0.0,0.0
imagem_2444,0.0,0.0
imagem_2445,0.0,0.0
imagem_2446,0.0,0.0
imagem_2447,0.0,0.0
imagem_2448,0.0,0.0
imagem_2449,0.0,0.0
imagem_2450,0.0,0.0
imagem_2451,0.0,0.0
imagem_2452,0.0,0.0
imagem_2453,0.0,0.0
imagem_2454,0.0,0.0
imagem_2455,0.0,0.0
imagem_2456,0.0,0.0
imagem_2457,0.0,0.0
imagem_2458,0.0,0.0
imagem_2459,-1.0,0.0
imagem_2460,-1.0,0.0
imagem_2461,-1.0,0.0
imagem_2462,-1.0,0.0
imagem_2463,0.0,0.0
imagem_2464,0.0,0.0
imagem_2465,0.0,0.0
imagem_2466,0.0,0.0
imagem_2467,0.0,0.0
imagem_2468,0.0,0.0
imagem_2469,0.0,0.0
imagem_2470,0.0,0.0
imagem_2471,0.0,0.0
imagem_2472,0.0,0.0
imagem_2473,0.0,0.0
imagem_2474,0.0,0.0
imagem_2475,0.0,0.0
imagem_2476,0.0,0.0
imagem_2477,0.0,0.0
imagem_2478,0.0,0.0
imagem_2479,0.0,0.0
imagem_2480,0.0,0.0
imagem_2481,0.0,0.0
imagem_2482,0.0,0.0
imagem_2483,0.0,0.0
imagem_2484,0.0,0.0
imagem_2485,0.0,0.0
imagem_2486,0.0,0.0
imagem_2487,0.0,0.0
imagem_2488,0.0,0.0
imagem_2489,0.0,0.0
imagem_2490,0.0,0.0
imagem_2491,0.0,0.0
imagem_2492,0.0,0.0
imagem_2493,0.0,0.0
imagem_2494,0.0,0.0
imagem_2495,0.0,0.0
imagem_2496,0.0,0.0
imagem_2497,0.0,0.0
imagem_2498,0.0,0.0
imagem_2499,0.0,0.0
imagem_2500,0.0,0.0
imagem_2501,0.0,0.0
imagem_2502,0.0,0.0
imagem_2503,0.0,0.0
imagem_2504,0.0,0.0
imagem_2505,0.0,0.0
imagem_2506,0.0,0.0
imagem_2507,0.0,1.0
imagem_2508,0.0,1.0
imagem_2509,0.0,1.0
imagem_2510,0.0,1.0
imagem_2511,0.0,1.0
imagem_2512,0.0,1.0
imagem_2513,0.0,1.0
imagem_2514,0.0,0.0
imagem_2515,0.0,0.0
imagem_2516,0.0,0.0
imagem_2517,0.0,0.0
imagem_2518,0.0,0.0
imagem_2519,0.0,0.0
imagem_2520,0.0,0.0
imagem_2521,0.0,0.0
imagem_2522,0.0,0.0
imagem_2523,0.0,0.0
imagem_2524,0.0,0.0
imagem_2525,0.0,0.0
imagem_2526,0.0,0.0
imagem_2527,0.0,0.0
imagem_2528,0.0,0.0
imagem_2529,0.0,0.0
imagem_2530,0.0,0.0
imagem_2531,0.0,0.0
imagem_2532,0.0,0.0
imagem_2533,0.0,0.0
imagem_2534,0.0,0.0
imagem_2535,0.0,0.0
imagem_2536,0.0,0.0
imagem_2537,0.0,0.0
imagem_2538,0.0,0.0
imagem_2539,0.0,0.0
imagem_2540,0.0,0.0
imagem_2541,0.0,0.0
imagem_2542,0.0,0.0
imagem_2543,0.0,0.0
imagem_2544,0.0,0.0
imagem_2545,0.0,0.0
imagem_2546,0.0,0.0
imagem_2547,0.0,0.0
imagem_2548,0.0,0.0
imagem_2549,0.0,0.0
imagem_2550,0.0,0.0
imagem_2551,0.0,0.0
imagem_2552,0.0,0.0
imagem_2553,0.0,0.0
imagem_2554,0.0,0.0
imagem_2555,0.0,0.0
imagem_2556,0.0,0.0
imagem_2557,0.0,0.0
imagem_2558,0.0,0.0
imagem_2559,0.0,0.0
imagem_2560,0.0,0.0
imagem_2561,0.0,0.0
imagem_2562,0.0,0.0
imagem_2563,0.0,0.0
imagem_2564,0.0,0.0
imagem_2565,0.0,0.0
imagem_2566,0.0,0.0
imagem_2567,0.0,0.0
imagem_2568,0.0,0.0
imagem_2569,-1.0,0.0
imagem_2570,-1.0,0.0
imagem_2571,-1.0,0.0
imagem_2572,-1.0,0.0
imagem_2573,-1.0,0.0
imagem_2574,-1.0,0.0
imagem_2575,-1.0,0.0
imagem_2576,-1.0,0.0
imagem_2577,-1.0,0.0
imagem_2578,0.0,0.0
imagem_2579,0.0,0.0
imagem_2580,0.0,0.0
imagem_2581,0.0,0.0
imagem_2582,0.0,0.0
imagem_2583,0.0,0.0
imagem_2584,0.0,0.0
imagem_2585,0.0,0.0
imagem_2586,0.0,0.0
imagem_2587,0.0,0.0
imagem_2588,0.0,0.0
imagem_2589,0.0,0.0
imagem_2590,0.0,0.0
imagem_2591,0.0,0.0
imagem_2592,-1.0,0.0
imagem_2593,-1.0,0.0
imagem_2594,-1.0,0.0
imagem_2595,-1.0,0.0
imagem_2596,0.0,0.0
imagem_2597,0.0,0.0
imagem_2598,0.0,0.0
imagem_2599,0.0,0.0
imagem_2600,0.0,0.0
imagem_2601,0.0,0.0
imagem_2602,0.0,0.0
imagem_2603,0.0,0.0
imagem_2604,0.0,0.0
imagem_2605,0.0,0.0
imagem_2606,0.0,0.0
imagem_2607,0.0,0.0
imagem_2608,0.0,0.0
imagem_2609,0.0,0.0
imagem_2610,0.0,0.0
imagem_2611,0.0,0.0
imagem_2612,0.0,0.0
imagem_2613,0.0,0.0
imagem_2614,0.0,0.0
imagem_2615,0.0,0.0
imagem_2616,0.0,0.0
imagem_2617,0.0,0.0
imagem_2618,0.0,0.0
imagem_2619,0.0,0.0
imagem_2620,0.0,0.0
imagem_2621,0.0,0.0
imagem_2622,0.0,0.0
imagem_2623,0.0,0.0
imagem_2624,0.0,0.0
imagem_2625,0.0,0.0
imagem_2626,0.0,0.0
imagem_2627,0.0,0.0
imagem_2628,0.0,0.0
imagem_2629,0.0,0.0
imagem_2630,0.0,0.0
imagem_2631,0.0,0.0
imagem_2632,0.0,0.0
imagem_2633,0.0,0.0
imagem_2634,0.0,0.0
imagem_2635,0.0,0.0
imagem_2636,0.0,0.0
imagem_2637,-1.0,0.0
imagem_2638,-1.0,0.0
imagem_2639,0.0,0.0
imagem_2640,0.0,0.0
imagem_2641,0.0,0.0
imagem_2642,0.0,0.0
imagem_2643,0.0,0.0
imagem_2644,0.0,0.0
imagem_2645,0.0,0.0
imagem_2646,0.0,0.0
imagem_2647,0.0,0.0
imagem_2648,0.0,0.0
imagem_2649,0.0,0.0
imagem_2650,0.0,0.0
imagem_2651,0.0,0.0
imagem_2652,0.0,0.0
imagem_2653,0.0,0.0
imagem_2654,0.0,0.0
imagem_2655,0.0,0.0
imagem_2656,0.0,0.0
imagem_2657,0.0,0.0
imagem_2658,0.0,0.0
imagem_2659,0.0,0.0
imagem_2660,0.0,0.0
imagem_2661,0.0,0.0
imagem_2662,0.0,0.0
imagem_2663,0.0,0.0
imagem_2664,0.0,0.0
imagem_2665,0.0,0.0
imagem_2666,0.0,0.0
imagem_2667,0.0,0.0
imagem_2668,0.0,0.0
imagem_2669,0.0,0.0
imagem_2670,0.0,0.0
imagem_2671,0.0,0.0
imagem_2672,0.0,0.0
imagem_2673,0.0,0.0
imagem_2674,0.0,0.0
imagem_2675,0.0,0.0
imagem_2676,0.0,0.0
imagem_2677,0.0,0.0
imagem_2678,0.0,0.0
imagem_2679,0.0,0.0
imagem_2680,0.0,0.0
imagem_2681,0.0,0.0
imagem_2682,0.0,0.0
imagem_2683,0.0,0.0
imagem_2684,0.0,0.0
imagem_2685,0.0,0.0
imagem_2686,0.0,0.0
imagem_2687,0.0,0.0
imagem_2688,0.0,0.0
imagem_2689,0.0,0.0
imagem_2690,0.0,0.0
imagem_2691,0.0,0.0
imagem_2692,0.0,0.0
imagem_2693,0.0,0.0
imagem_2694,0.0,0.0
imagem_2695,0.0,0.0
imagem_2696,0.0,0.0
imagem_2697,0.0,0.0
imagem_2698,0.0,0.0
imagem_2699,0.0,0.0
imagem_2700,0.0,0.0
imagem_2701,0.0,0.0
imagem_2702,0.0,0.0
imagem_2703,0.0,0.0
imagem_2704,0.0,0.0
imagem_2705,0.0,0.0
imagem_2706,0.0,0.0
imagem_2707,0.0,0.0
imagem_2708,0.0,0.0
imagem_2709,0.0,0.0
imagem_2710,0.0,0.0
imagem_2711,0.0,0.0
imagem_2712,0.0,0.0
imagem_2713,0.0,0.0
imagem_2714,0.0,0.0
imagem_2715,0.0,0.0
imagem_2716,0.0,0.0
imagem_2717,0.0,0.0
imagem_2718,0.0,0.0
imagem_2719,0.0,0.0
imagem_2720,0.0,0.0
imagem_2721,0.0,0.0
imagem_2722,0.0,0.0
imagem_2723,0.0,0.0
imagem_2724,0.0,0.0
imagem_2725,0.0,0.0
imagem_2726,0.0,0.0
imagem_2727,0.0,0.0
imagem_2728,0.0,0.0
imagem_2729,0.0,0.0
imagem_2730,0.0,0.0
imagem_2731,0.0,0.0
imagem_2732,0.0,0.0
imagem_2733,0.0,0.0
imagem_2734,0.0,0.0
imagem_2735,0.0,0.0
imagem_2736,0.0,0.0
imagem_2737,0.0,0.0
imagem_2738,0.0,0.0
imagem_2739,0.0,0.0
imagem_2740,0.0,0.0
imagem_2741,0.0,0.0
imagem_2742,0.0,0.0
imagem_2743,0.0,0.0
imagem_2744,0.0,0.0
imagem_2745,0.0,0.0
imagem_2746,0.0,0.0
imagem_2747,0.0,0.0
imagem_2748,0.0,0.0
imagem_2749,0.0,0.0
imagem_2750,0.0,0.0
imagem_2751,0.0,0.0
imagem_2752,0.0,0.0
imagem_2753,0.0,0.0
imagem_2754,0.0,0.0
imagem_2755,0.0,0.0
imagem_2756,0.0,0.0
imagem_2757,0.0,0.0
imagem_2758,0.0,0.0
imagem_2759,0.0,0.0
imagem_2760,0.0,0.0
imagem_2761,0.0,0.0
imagem_2762,0.0,0.0
imagem_2763,0.0,0.0
imagem_2764,0.0,0.0
imagem_2765,0.0,0.0
imagem_2766,0.0,0.0
imagem_2767,0.0,0.0
imagem_2768,0.0,0.0
imagem_2769,0.0,0.0
imagem_2770,0.0,0.0
imagem_2771,0.0,0.0
imagem_2772,0.0,0.0
imagem_2773,0.0,0.0
imagem_2774,0.0,0.0
imagem_2775,0.0,0.0
imagem_2776,0.0,0.0
imagem_2777,0.0,0.0
imagem_2778,0.0,0.0
imagem_2779,0.0,0.0
imagem_2780,0.0,0.0
imagem_2781,0.0,0.0
imagem_2782,0.0,0.0
imagem_2783,0.0,0.0
imagem_2784,0.0,0.0
imagem_2785,0.0,0.0
imagem_2786,-1.0,0.0
imagem_2787,0.0,0.0
imagem_2788,0.0,0.0
imagem_2789,0.0,0.0
imagem_2790,0.0,0.0
imagem_2791,0.0,0.0
imagem_2792,0.0,0.0
imagem_2793,0.0,0.0
imagem_2794,0.0,0.0
imagem_2795,0.0,0.0
imagem_2796,0.0,0.0
imagem_2797,0.0,0.0
imagem_2798,0.0,0.0
imagem_2799,0.0,0.0
imagem_2800,0.0,0.0
imagem_2801,0.0,0.0
imagem_2802,0.0,0.0
imagem_2803,0.0,0.0
imagem_2804,0.0,0.0
imagem_2805,1.0,0.0
imagem_2806,1.0,0.0
imagem_2807,1.0,0.0
imagem_2808,1.0,0.0
imagem_2809,1.0,0.0
imagem_2810,1.0,0.0
imagem_2811,1.0,0.0
imagem_2812,1.0,0.0
imagem_2813,1.0,0.0
imagem_2814,1.0,0.0
imagem_2815,1.0,0.0
imagem_2816,1.0,0.0
imagem_2817,0.0,0.0
imagem_2818,0.0,0.0
imagem_2819,0.0,0.0
imagem_2820,0.0,0.0
imagem_2821,0.0,0.0
imagem_2822,0.0,0.0
imagem_2823,0.0,0.0
imagem_2824,-1.0,0.0
imagem_2825,-1.0,0.0
imagem_2826,-1.0,0.0
imagem_2827,-1.0,0.0
imagem_2828,-1.0,0.0
imagem_2829,-1.0,0.0
imagem_2830,-1.0,0.0
imagem_2831,0.0,0.0
imagem_2832,0.0,0.0
imagem_2833,0.0,0.0
imagem_2834,0.0,0.0
imagem_2835,0.0,0.0
imagem_2836,0.0,0.0
imagem_2837,0.0,0.0
imagem_2838,0.0,0.0
imagem_2839,0.0,0.0
imagem_2840,0.0,0.0
imagem_2841,0.0,0.0
imagem_2842,0.0,0.0
imagem_2843,0.0,0.0
imagem_2844,0.0,0.0
imagem_2845,0.0,0.0
imagem_2846,0.0,0.0
imagem_2847,0.0,0.0
imagem_2848,0.0,0.0
imagem_2849,0.0,0.0
imagem_2850,0.0,0.0
imagem_2851,0.0,0.0
imagem_2852,0.0,0.0
imagem_2853,0.0,0.0
imagem_2854,0.0,0.0
imagem_2855,0.0,0.0
imagem_2856,0.0,0.0
imagem_2857,0.0,0.0
imagem_2858,0.0,0.0
imagem_2859,0.0,0.0
imagem_2860,0.0,0.0
imagem_2861,-1.0,0.0
imagem_2862,-1.0,0.0
imagem_2863,-1.0,0.0
imagem_2864,0.0,0.0
imagem_2865,0.0,0.0
imagem_2866,0.0,0.0
imagem_2867,0.0,0.0
imagem_2868,0.0,0.0
imagem_2869,0.0,0.0
imagem_2870,0.0,0.0
imagem_2871,0.0,0.0
imagem_2872,0.0,0.0
imagem_2873,0.0,0.0
imagem_2874,0.0,0.0
imagem_2875,0.0,0.0
imagem_2876,0.0,0.0
imagem_2877,0.0,0.0
imagem_2878,0.0,0.0
imagem_2879,0.0,0.0
imagem_2880,0.0,0.0
imagem_2881,0.0,0.0
imagem_2882,0.0,0.0
imagem_2883,0.0,0.0
imagem_2884,0.0,0.0
imagem_2885,0.0,0.0
imagem_2886,0.0,0.0
imagem_2887,-1.0,0.0
imagem_2888,-1.0,0.0
imagem_2889,0.0,0.0
imagem_2890,0.0,0.0
imagem_2891,0.0,0.0
imagem_2892,0.0,0.0
imagem_2893,0.0,0.0
imagem_2894,0.0,0.0
imagem_2895,0.0,0.0
imagem_2896,0.0,0.0
imagem_2897,0.0,0.0
imagem_2898,0.0,0.0
imagem_2899,0.0,0.0
imagem_2900,0.0,0.0
imagem_2901,0.0,0.0
imagem_2902,0.0,0.0
imagem_2903,0.0,0.0
imagem_2904,0.0,0.0
imagem_2905,0.0,0.0
imagem_2906,0.0,0.0
imagem_2907,0.0,0.0
imagem_2908,0.0,0.0
imagem_2909,0.0,0.0
imagem_2910,0.0,0.0
imagem_2911,0.0,0.0
imagem_2912,0.0,0.0
imagem_2913,0.0,0.0
imagem_2914,0.0,0.0
imagem_2915,-1.0,0.0
imagem_2916,-1.0,0.0
imagem_2917,-1.0,0.0
imagem_2918,-1.0,0.0
imagem_2919,0.0,0.0
imagem_2920,0.0,0.0
imagem_2921,0.0,0.0
imagem_2922,0.0,0.0
imagem_2923,0.0,0.0
imagem_2924,0.0,0.0
imagem_2925,0.0,0.0
imagem_2926,0.0,0.0
imagem_2927,-1.0,0.0
imagem_2928,-1.0,0.0
imagem_2929,-1.0,0.0
imagem_2930,-1.0,0.0
imagem_2931,-1.0,0.0
imagem_2932,-1.0,0.0
imagem_2933,-1.0,0.0
imagem_2934,0.0,0.0
imagem_2935,0.0,0.0
imagem_2936,0.0,0.0
imagem_2937,0.0,0.0
imagem_2938,0.0,0.0
imagem_2939,0.0,0.0
imagem_2940,0.0,0.0
imagem_2941,0.0,0.0
imagem_2942,-1.0,0.0
imagem_2943,-1.0,0.0
imagem_2944,-1.0,0.0
imagem_2945,-1.0,0.0
imagem_2946,-1.0,0.0
imagem_2947,-1.0,0.0
imagem_2948,-1.0,0.0
imagem_2949,-1.0,0.0
imagem_2950,0.0,0.0
imagem_2951,0.0,0.0
imagem_2952,0.0,0.0
imagem_2953,0.0,0.0
imagem_2954,0.0,0.0
imagem_2955,0.0,0.0
imagem_2956,0.0,0.0
imagem_2957,0.0,0.0
imagem_2958,0.0,0.0
imagem_2959,0.0,0.0
imagem_2960,0.0,0.0
imagem_2961,0.0,0.0
imagem_2962,0.0,0.0
imagem_2963,0.0,0.0
imagem_2964,0.0,0.0
imagem_2965,0.0,0.0
imagem_2966,0.0,0.0
imagem_2967,0.0,0.0
imagem_2968,0.0,0.0
imagem_2969,0.0,0.0
imagem_2970,0.0,0.0
imagem_2971,0.0,0.0
imagem_2972,0.0,0.0
imagem_2973,0.0,0.0
imagem_2974,0.0,0.0
imagem_2975,0.0,0.0
imagem_2976,0.0,0.0
imagem_2977,0.0,0.0
imagem_2978,0.0,0.0
imagem_2979,0.0,0.0
imagem_2980,0.0,0.0
imagem_2981,0.0,0.0
imagem_2982,0.0,0.0
imagem_2983,0.0,0.0
imagem_2984,0.0,0.0
imagem_2985,0.0,0.0
imagem_2986,0.0,0.0
imagem_2987,0.0,0.0
imagem_2988,0.0,0.0
imagem_2989,0.0,0.0
imagem_2990,0.0,0.0
imagem_2991,0.0,0.0
imagem_2992,0.0,0.0
imagem_2993,0.0,0.0
imagem_2994,0.0,0.0
imagem_2995,0.0,0.0
imagem_2996,0.0,0.0
imagem_2997,0.0,0.0
imagem_2998,0.0,0.0
imagem_2999,0.0,0.0
imagem_3000,0.0,0.0
imagem_3001,0.0,0.0
imagem_3002,0.0,0.0
imagem_3003,0.0,0.0
imagem_3004,0.0,0.0
imagem_3005,0.0,0.0
imagem_3006,0.0,1.0
imagem_3007,0.0,1.0
imagem_3008,0.0,1.0
imagem_3009,0.0,1.0
imagem_3010,0.0,1.0
imagem_3011,0.0,1.0
imagem_3012,0.0,1.0
imagem_3013,0.0,0.0
imagem_3014,0.0,0.0
imagem_3015,0.0,0.0
imagem_3016,0.0,0.0
imagem_3017,0.0,0.0
imagem_3018,0.0,0.0
imagem_3019,0.0,0.0
imagem_3020,0.0,0.0
imagem_3021,0.0,0.0
imagem_3022,0.0,0.0
imagem_3023,0.0,0.0
imagem_3024,0.0,0.0
imagem_3025,0.0,0.0
imagem_3026,0.0,0.0
imagem_3027,0.0,0.0
imagem_3028,0.0,0.0
imagem_3029,0.0,0.0
imagem_3030,0.0,0.0
imagem_3031,0.0,0.0
imagem_3032,0.0,0.0
imagem_3033,0.0,0.0
imagem_3034,0.0,0.0
imagem_3035,0.0,0.0
imagem_3036,0.0,0.0
imagem_3037,0.0,0.0
imagem_3038,0.0,0.0
imagem_3039,0.0,0.0
imagem_3040,0.0,0.0
imagem_3041,0.0,0.0
imagem_3042,0.0,0.0
imagem_3043,0.0,0.0
imagem_3044,0.0,0.0
imagem_3045,0.0,0.0
imagem_3046,0.0,0.0
imagem_3047,0.0,0.0
imagem_3048,0.0,0.0
imagem_3049,0.0,0.0
imagem_3050,0.0,0.0
imagem_3051,0.0,0.0
imagem_3052,0.0,0.0
imagem_3053,0.0,0.0
imagem_3054,0.0,0.0
imagem_3055,0.0,0.0
imagem_3056,0.0,0.0
imagem_3057,0.0,0.0
imagem_3058,0.0,0.0
imagem_3059,0.0,0.0
imagem_3060,0.0,0.0
imagem_3061,0.0,0.0
imagem_3062,0.0,0.0
imagem_3063,-1.0,0.0
imagem_3064,-1.0,0.0
imagem_3065,-1.0,0.0
imagem_3066,-1.0,0.0
imagem_3067,-1.0,0.0
imagem_3068,0.0,0.0
imagem_3069,0.0,0.0
imagem_3070,0.0,0.0
imagem_3071,0.0,0.0
imagem_3072,0.0,0.0
imagem_3073,0.0,0.0
imagem_3074,0.0,0.0
imagem_3075,0.0,0.0
imagem_3076,-1.0,0.0
imagem_3077,-1.0,0.0
imagem_3078,-1.0,0.0
imagem_3079,-1.0,0.0
imagem_3080,-1.0,0.0
imagem_3081,-1.0,0.0
imagem_3082,-1.0,0.0
imagem_3083,-1.0,0.0
imagem_3084,-1.0,0.0
imagem_3085,0.0,0.0
imagem_3086,0.0,0.0
imagem_3087,0.0,0.0
imagem_3088,0.0,0.0
imagem_3089,0.0,0.0
imagem_3090,0.0,0.0
imagem_3091,0.0,0.0
imagem_3092,0.0,0.0
imagem_3093,0.0,0.0
imagem_3094,0.0,0.0
imagem_3095,0.0,0.0
imagem_3096,0.0,0.0
imagem_3097,0.0,0.0
imagem_3098,0.0,0.0
imagem_3099,0.0,0.0
imagem_3100,0.0,0.0
imagem_3101,0.0,0.0
imagem_3102,0.0,0.0
imagem_3103,0.0,0.0
imagem_3104,0.0,0.0
imagem_3105,0.0,0.0
imagem_3106,0.0,0.0
imagem_3107,0.0,0.0
imagem_3108,0.0,0.0
imagem_3109,0.0,0.0
imagem_3110,0.0,0.0
imagem_3111,0.0,0.0
imagem_3112,0.0,0.0
imagem_3113,0.0,0.0
imagem_3114,0.0,0.0
imagem_3115,0.0,0.0
imagem_3116,0.0,0.0
imagem_3117,0.0,0.0
imagem_3118,0.0,0.0
imagem_3119,0.0,0.0
imagem_3120,0.0,0.0
imagem_3121,0.0,0.0
imagem_3122,0.0,0.0
imagem_3123,0.0,0.0
imagem_3124,0.0,0.0
imagem_3125,0.0,0.0
imagem_3126,0.0,0.0
imagem_3127,0.0,0.0
imagem_3128,0.0,0.0
imagem_3129,0.0,0.0
imagem_3130,0.0,0.0
imagem_3131,0.0,0.0
imagem_3132,0.0,0.0
imagem_3133,0.0,0.0
imagem_3134,0.0,0.0
imagem_3135,0.0,0.0
imagem_3136,0.0,0.0
imagem_3137,0.0,0.0
imagem_3138,0.0,0.0
imagem_3139,0.0,0.0
imagem_3140,0.0,0.0
imagem_3141,0.0,0.0
imagem_3142,0.0,0.0
imagem_3143,0.0,0.0
imagem_3144,0.0,0.0
imagem_3145,0.0,0.0
imagem_3146,0.0,0.0
imagem_3147,0.0,0.0
imagem_3148,0.0,0.0
imagem_3149,0.0,0.0
imagem_3150,0.0,0.0
imagem_3151,0.0,0.0
imagem_3152,0.0,0.0
imagem_3153,0.0,0.0
imagem_3154,0.0,0.0
imagem_3155,0.0,0.0
imagem_3156,0.0,0.0
imagem_3157,0.0,0.0
imagem_3158,0.0,0.0
imagem_3159,0.0,0.0
imagem_3160,0.0,0.0
imagem_3161,0.0,0.0
imagem_3162,0.0,0.0
imagem_3163,0.0,0.0
imagem_3164,0.0,0.0
imagem_3165,0.0,0.0
imagem_3166,0.0,0.0
imagem_3167,0.0,0.0
imagem_3168,0.0,0.0
imagem_3169,0.0,0.0
imagem_3170,0.0,0.0
imagem_3171,0.0,0.0
imagem_3172,0.0,0.0
imagem_3173,0.0,0.0
imagem_3174,0.0,0.0
imagem_3175,0.0,0.0
imagem_3176,0.0,0.0
imagem_3177,0.0,0.0
imagem_3178,0.0,0.0
imagem_3179,0.0,0.0
imagem_3180,0.0,0.0
imagem_3181,0.0,0.0
imagem_3182,0.0,0.0
imagem_3183,0.0,0.0
imagem_3184,0.0,0.0
imagem_3185,0.0,0.0
imagem_3186,0.0,0.0
imagem_3187,-1.0,0.0
imagem_3188,-1.0,0.0
imagem_3189,0.0,0.0
imagem_3190,0.0,0.0
imagem_3191,0.0,0.0
imagem_3192,0.0,0.0
imagem_3193,0.0,0.0
imagem_3194,0.0,0.0
imagem_3195,0.0,0.0
imagem_3196,0.0,0.0
imagem_3197,0.0,0.0
imagem_3198,0.0,0.0
imagem_3199,0.0,0.0
imagem_3200,0.0,0.0
imagem_3201,0.0,0.0
imagem_3202,0.0,0.0
imagem_3203,0.0,0.0
imagem_3204,0.0,0.0
imagem_3205,0.0,0.0
imagem_3206,0.0,0.0
imagem_3207,0.0,0.0
imagem_3208,0.0,0.0
imagem_3209,0.0,0.0
imagem_3210,0.0,0.0
imagem_3211,0.0,0.0
imagem_3212,0.0,0.0
imagem_3213,0.0,0.0
imagem_3214,0.0,0.0
imagem_3215,0.0,0.0
imagem_3216,0.0,0.0
imagem_3217,0.0,0.0
imagem_3218,0.0,0.0
imagem_3219,0.0,0.0
imagem_3220,0.0,0.0
imagem_3221,0.0,0.0
imagem_3222,0.0,0.0
imagem_3223,0.0,0.0
imagem_3224,0.0,0.0
imagem_3225,0.0,0.0
imagem_3226,0.0,0.0
imagem_3227,0.0,0.0
imagem_3228,0.0,0.0
imagem_3229,0.0,0.0
imagem_3230,0.0,0.0
imagem_3231,0.0,0.0
imagem_3232,0.0,0.0
imagem_3233,0.0,0.0
imagem_3234,0.0,0.0
imagem_3235,0.0,0.0
imagem_3236,0.0,0.0
imagem_3237,0.0,0.0
imagem_3238,0.0,0.0
imagem_3239,0.0,0.0
imagem_3240,0.0,0.0
imagem_3241,0.0,0.0
imagem_3242,0.0,0.0
imagem_3243,0.0,0.0
imagem_3244,0.0,0.0
imagem_3245,0.0,0.0
imagem_3246,0.0,0.0
imagem_3247,0.0,0.0
imagem_3248,0.0,0.0
imagem_3249,0.0,0.0
imagem_3250,0.0,0.0
imagem_3251,0.0,0.0
imagem_3252,0.0,0.0
imagem_3253,0.0,0.0
imagem_3254,0.0,0.0
imagem_3255,0.0,0.0
imagem_3256,0.0,0.0
imagem_3257,0.0,0.0
imagem_3258,0.0,0.0
imagem_3259,0.0,0.0
imagem_3260,0.0,0.0
imagem_3261,0.0,0.0
imagem_3262,0.0,0.0
imagem_3263,0.0,0.0
imagem_3264,0.0,0.0
imagem_3265,0.0,0.0
imagem_3266,0.0,0.0
imagem_3267,0.0,0.0
imagem_3268,0.0,0.0
imagem_3269,0.0,0.0
imagem_3270,0.0,0.0
imagem_3271,0.0,0.0
imagem_3272,1.0,0.0
imagem_3273,1.0,0.0
imagem_3274,1.0,0.0
imagem_3275,1.0,0.0
imagem_3276,1.0,0.0
imagem_3277,1.0,0.0
imagem_3278,0.0,0.0
imagem_3279,0.0,0.0
imagem_3280,0.0,0.0
imagem_3281,0.0,0.0
imagem_3282,0.0,0.0
imagem_3283,0.0,0.0
imagem_3284,0.0,0.0
imagem_3285,0.0,0.0
imagem_3286,0.0,0.0
imagem_3287,0.0,0.0
imagem_3288,0.0,0.0
imagem_3289,0.0,0.0
imagem_3290,0.0,0.0
imagem_3291,0.0,0.0
imagem_3292,0.0,0.0
imagem_3293,0.0,0.0
imagem_3294,0.0,0.0
imagem_3295,0.0,0.0
imagem_3296,0.0,0.0
imagem_3297,0.0,0.0
imagem_3298,0.0,0.0
imagem_3299,0.0,0.0
imagem_3300,0.0,0.0
imagem_3301,0.0,0.0
imagem_3302,0.0,0.0
imagem_3303,0.0,0.0
imagem_3304,0.0,0.0
imagem_3305,0.0,0.0
imagem_3306,0.0,0.0
imagem_3307,0.0,0.0
imagem_3308,0.0,0.0
imagem_3309,0.0,0.0
imagem_3310,0.0,0.0
imagem_3311,0.0,0.0
imagem_3312,0.0,0.0
imagem_3313,0.0,0.0
imagem_3314,0.0,0.0
imagem_3315,0.0,0.0
imagem_3316,0.0,0.0
imagem_3317,0.0,0.0
imagem_3318,0.0,0.0
imagem_3319,0.0,0.0
imagem_3320,0.0,0.0
imagem_3321,0.0,0.0
imagem_3322,0.0,0.0
imagem_3323,0.0,0.0
imagem_3324,0.0,0.0
imagem_3325,0.0,0.0
imagem_3326,0.0,0.0
imagem_3327,0.0,0.0
imagem_3328,0.0,0.0
imagem_3329,0.0,0.0
imagem_3330,0.0,0.0
imagem_3331,0.0,0.0
imagem_3332,0.0,0.0
imagem_3333,0.0,0.0
imagem_3334,0.0,0.0
imagem_3335,0.0,0.0
imagem_3336,0.0,0.0
imagem_3337,0.0,0.0
imagem_3338,0.0,0.0
imagem_3339,0.0,0.0
imagem_3340,0.0,0.0
imagem_3341,0.0,0.0
imagem_3342,0.0,0.0
imagem_3343,0.0,0.0
imagem_3344,0.0,0.0
imagem_3345,0.0,0.0
imagem_3346,0.0,0.0
imagem_3347,0.0,0.0
imagem_3348,0.0,0.0
imagem_3349,0.0,0.0
imagem_3350,0.0,0.0
imagem_3351,0.0,0.0
imagem_3352,0.0,0.0
imagem_3353,0.0,0.0
imagem_3354,0.0,0.0
imagem_3355,0.0,0.0
imagem_3356,0.0,0.0
imagem_3357,0.0,0.0
imagem_3358,0.0,0.0
imagem_3359,0.0,0.0
imagem_3360,0.0,0.0
imagem_3361,0.0,0.0
imagem_3362,0.0,0.0
imagem_3363,0.0,0.0
imagem_3364,-1.0,0.0
imagem_3365,-1.0,0.0
imagem_3366,-1.0,0.0
imagem_3367,-1.0,0.0
imagem_3368,-1.0,0.0
imagem_3369,-1.0,0.0
imagem_3370,-1.0,0.0
imagem_3371,-1.0,0.0
imagem_3372,-1.0,0.0
imagem_3373,0.0,1.0
imagem_3374,0.0,1.0
imagem_3375,0.0,1.0
imagem_3376,0.0,1.0
imagem_3377,0.0,1.0
imagem_3378,0.0,1.0
imagem_3379,0.0,1.0
imagem_3380,0.0,0.0
imagem_3381,0.0,0.0
imagem_3382,0.0,0.0
imagem_3383,0.0,0.0
imagem_3384,0.0,0.0
imagem_3385,0.0,0.0
imagem_3386,0.0,0.0
imagem_3387,0.0,0.0
imagem_3388,0.0,0.0
imagem_3389,0.0,0.0
imagem_3390,0.0,0.0
imagem_3391,0.0,0.0
imagem_3392,0.0,0.0
imagem_3393,0.0,0.0
imagem_3394,0.0,0.0
imagem_3395,0.0,0.0
imagem_3396,0.0,0.0
imagem_3397,0.0,0.0
imagem_3398,0.0,0.0
imagem_3399,0.0,0.0
imagem_3400,0.0,0.0
imagem_3401,0.0,0.0
imagem_3402,0.0,0.0
imagem_3403,0.0,0.0
imagem_3404,0.0,0.0
imagem_3405,0.0,0.0
imagem_3406,0.0,0.0
imagem_3407,0.0,0.0
imagem_3408,0.0,0.0
imagem_3409,0.0,0.0
imagem_3410,0.0,0.0
imagem_3411,0.0,0.0
imagem_3412,0.0,0.0
imagem_3413,0.0,0.0
imagem_3414,0.0,0.0
imagem_3415,0.0,0.0
imagem_3416,0.0,0.0
imagem_3417,0.0,0.0
imagem_3418,0.0,0.0
imagem_3419,0.0,0.0
imagem_3420,0.0,0.0
imagem_3421,0.0,0.0
imagem_3422,0.0,0.0
imagem_3423,0.0,0.0
imagem_3424,0.0,0.0
imagem_3425,0.0,0.0
imagem_3426,0.0,0.0
imagem_3427,0.0,0.0
imagem_3428,0.0,0.0
imagem_3429,0.0,0.0
imagem_3430,-1.0,0.0
imagem_3431,-1.0,0.0
imagem_3432,-1.0,0.0
imagem_3433,-1.0,0.0
imagem_3434,-1.0,0.0
imagem_3435,0.0,0.0
imagem_3436,0.0,0.0
imagem_3437,0.0,0.0
imagem_3438,0.0,0.0
imagem_3439,0.0,0.0
imagem_3440,0.0,0.0
imagem_3441,0.0,0.0
imagem_3442,0.0,0.0
imagem_3443,-1.0,0.0
imagem_3444,-1.0,0.0
imagem_3445,-1.0,0.0
imagem_3446,-1.0,0.0
imagem_3447,-1.0,0.0
imagem_3448,-1.0,0.0
imagem_3449,-1.0,0.0
imagem_3450,-1.0,0.0
imagem_3451,-1.0,0.0
imagem_3452,-1.0,0.0
imagem_3453,0.0,0.0
imagem_3454,0.0,0.0
imagem_3455,0.0,0.0
imagem_3456,0.0,0.0
imagem_3457,0.0,0.0
imagem_3458,0.0,0.0
imagem_3459,0.0,0.0
imagem_3460,0.0,0.0
imagem_3461,0.0,0.0
imagem_3462,0.0,0.0
imagem_3463,0.0,0.0
imagem_3464,0.0,0.0
imagem_3465,0.0,0.0
imagem_3466,0.0,0.0
imagem_3467,0.0,0.0
imagem_3468,0.0,0.0
imagem_3469,0.0,0.0
imagem_3470,0.0,0.0
imagem_3471,0.0,0.0
imagem_3472,0.0,0.0
imagem_3473,0.0,0.0
imagem_3474,0.0,0.0
imagem_3475,0.0,0.0
imagem_3476,0.0,0.0
imagem_3477,0.0,0.0
imagem_3478,0.0,0.0
imagem_3479,0.0,0.0
imagem_3480,0.0,0.0
imagem_3481,0.0,0.0
imagem_3482,0.0,0.0
imagem_3483,0.0,0.0
imagem_3484,0.0,0.0
imagem_3485,0.0,0.0
imagem_3486,0.0,0.0
imagem_3487,0.0,0.0
imagem_3488,0.0,0.0
imagem_3489,0.0,0.0
imagem_3490,0.0,0.0
imagem_3491,0.0,0.0
imagem_3492,0.0,0.0
imagem_3493,0.0,0.0
imagem_3494,0.0,0.0
imagem_3495,0.0,0.0
imagem_3496,0.0,0.0
imagem_3497,0.0,0.0
imagem_3498,0.0,0.0
imagem_3499,0.0,0.0
imagem_3500,0.0,0.0
imagem_3501,0.0,0.0
imagem_3502,0.0,0.0
imagem_3503,0.0,0.0
imagem_3504,0.0,0.0
imagem_3505,0.0,0.0
imagem_3506,0.0,0.0
imagem_3507,0.0,0.0
imagem_3508,0.0,0.0
imagem_3509,0.0,0.0
imagem_3510,0.0,0.0
imagem_3511,0.0,0.0
imagem_3512,0.0,0.0
imagem_3513,0.0,0.0
imagem_3514,0.0,0.0
imagem_3515,0.0,0.0
imagem_3516,0.0,0.0
imagem_3517,0.0,0.0
imagem_3518,0.0,0.0
imagem_3519,0.0,0.0
imagem_3520,0.0,0.0
imagem_3521,0.0,0.0
imagem_3522,0.0,0.0
imagem_3523,0.0,0.0
imagem_3524,0.0,0.0
imagem_3525,0.0,0.0
imagem_3526,0.0,0.0
imagem_3527,0.0,0.0
imagem_3528,0.0,0.0
imagem_3529,0.0,0.0
imagem_3530,0.0,0.0
imagem_3531,-1.0,0.0
imagem_3532,-1.0,0.0
imagem_3533,0.0,0.0
imagem_3534,0.0,0.0
imagem_3535,0.0,0.0
imagem_3536,0.0,0.0
imagem_3537,0.0,0.0
imagem_3538,0.0,0.0
imagem_3539,0.0,0.0
imagem_3540,0.0,0.0
imagem_3541,0.0,0.0
imagem_3542,0.0,0.0
imagem_3543,0.0,0.0
imagem_3544,0.0,0.0
imagem_3545,0.0,0.0
imagem_3546,0.0,0.0
imagem_3547,0.0,0.0
imagem_3548,0.0,0.0
imagem_3549,0.0,0.0
imagem_3550,0.0,0.0
imagem_3551,0.0,0.0
imagem_3552,0.0,0.0
imagem_3553,0.0,0.0
imagem_3554,0.0,0.0
imagem_3555,0.0,0.0
imagem_3556,0.0,0.0
imagem_3557,0.0,0.0
imagem_3558,0.0,0.0
imagem_3559,0.0,0.0
imagem_3560,0.0,0.0
imagem_3561,0.0,0.0
imagem_3562,0.0,0.0
imagem_3563,0.0,0.0
imagem_3564,0.0,0.0
imagem_3565,0.0,0.0
imagem_3566,0.0,0.0
imagem_3567,0.0,0.0
imagem_3568,0.0,0.0
imagem_3569,0.0,0.0
imagem_3570,0.0,0.0
imagem_3571,0.0,0.0
imagem_3572,0.0,0.0
imagem_3573,0.0,0.0
imagem_3574,0.0,0.0
imagem_3575,0.0,0.0
imagem_3576,0.0,0.0
imagem_3577,0.0,0.0
imagem_3578,0.0,0.0
imagem_3579,0.0,0.0
imagem_3580,0.0,0.0
imagem_3581,0.0,0.0
imagem_3582,0.0,0.0
imagem_3583,0.0,0.0
imagem_3584,0.0,0.0
imagem_3585,0.0,0.0
imagem_3586,0.0,0.0
imagem_3587,0.0,0.0
imagem_3588,0.0,0.0
imagem_3589,0.0,0.0
imagem_3590,0.0,0.0
imagem_3591,0.0,0.0
imagem_3592,0.0,0.0
imagem_3593,0.0,0.0
imagem_3594,0.0,0.0
imagem_3595,0.0,0.0
imagem_3596,0.0,0.0
imagem_3597,0.0,0.0
imagem_3598,0.0,0.0
imagem_3599,0.0,0.0
imagem_3600,0.0,0.0
imagem_3601,0.0,0.0
imagem_3602,0.0,0.0
imagem_3603,0.0,0.0
imagem_3604,0.0,0.0
imagem_3605,-1.0,0.0
imagem_3606,-1.0,0.0
imagem_3607,0.0,0.0
imagem_3608,0.0,0.0
imagem_3609,0.0,0.0
imagem_3610,0.0,0.0
imagem_3611,0.0,0.0
imagem_3612,0.0,0.0
imagem_3613,0.0,0.0
imagem_3614,0.0,0.0
imagem_3615,0.0,0.0
imagem_3616,0.0,0.0
imagem_3617,0.0,0.0
imagem_3618,0.0,0.0
imagem_3619,0.0,0.0
imagem_3620,0.0,0.0
imagem_3621,0.0,0.0
imagem_3622,0.0,0.0
imagem_3623,0.0,0.0
imagem_3624,0.0,0.0
imagem_3625,0.0,0.0
imagem_3626,0.0,0.0
imagem_3627,0.0,0.0
imagem_3628,0.0,0.0
imagem_3629,0.0,0.0
imagem_3630,0.0,0.0
imagem_3631,0.0,0.0
imagem_3632,0.0,0.0
imagem_3633,0.0,0.0
imagem_3634,0.0,0.0
imagem_3635,0.0,0.0
imagem_3636,0.0,0.0
imagem_3637,0.0,0.0
imagem_3638,0.0,0.0
imagem_3639,0.0,0.0
imagem_3640,0.0,0.0
imagem_3641,0.0,0.0
imagem_3642,0.0,0.0
imagem_3643,0.0,0.0
imagem_3644,0.0,0.0
imagem_3645,0.0,0.0
imagem_3646,0.0,0.0
imagem_3647,0.0,0.0
imagem_3648,0.0,0.0
imagem_3649,0.0,0.0
imagem_3650,0.0,0.0
imagem_3651,0.0,0.0
imagem_3652,0.0,0.0
imagem_3653,0.0,0.0
imagem_3654,0.0,0.0
imagem_3655,0.0,0.0
imagem_3656,0.0,0.0
imagem_3657,0.0,0.0
imagem_3658,0.0,0.0
imagem_3659,0.0,0.0
imagem_3660,0.0,0.0
imagem_3661,0.0,0.0
imagem_3662,0.0,0.0
imagem_3663,0.0,0.0
imagem_3664,0.0,0.0
imagem_3665,0.0,0.0
imagem_3666,0.0,0.0
imagem_3667,0.0,0.0
imagem_3668,0.0,0.0
imagem_3669,0.0,0.0
imagem_3670,0.0,0.0
imagem_3671,0.0,0.0
imagem_3672,0.0,0.0
imagem_3673,0.0,0.0
imagem_3674,0.0,0.0
imagem_3675,0.0,0.0
imagem_3676,0.0,0.0
imagem_3677,0.0,0.0
imagem_3678,0.0,0.0
imagem_3679,0.0,0.0
imagem_3680,0.0,0.0
imagem_3681,0.0,0.0
imagem_3682,0.0,0.0
imagem_3683,0.0,0.0
imagem_3684,0.0,0.0
imagem_3685,1.0,0.0
imagem_3686,1.0,0.0
imagem_3687,1.0,0.0
imagem_3688,1.0,0.0
imagem_3689,1.0,0.0
imagem_3690,1.0,0.0
imagem_3691,1.0,0.0
imagem_3692,1.0,0.0
imagem_3693,1.0,0.0
imagem_3694,1.0,0.0
imagem_3695,1.0,0.0
imagem_3696,1.0,0.0
imagem_3697,0.0,0.0
imagem_3698,0.0,0.0
imagem_3699,0.0,0.0
imagem_3700,0.0,0.0
imagem_3701,0.0,0.0
imagem_3702,0.0,0.0
imagem_3703,0.0,0.0
imagem_3704,0.0,0.0
imagem_3705,0.0,0.0
imagem_3706,0.0,0.0
imagem_3707,0.0,0.0
imagem_3708,0.0,0.0
imagem_3709,0.0,0.0
imagem_3710,0.0,0.0
imagem_3711,0.0,0.0
imagem_3712,0.0,0.0
imagem_3713,0.0,0.0
imagem_3714,0.0,0.0
imagem_3715,0.0,0.0
imagem_3716,0.0,0.0
imagem_3717,0.0,0.0
imagem_3718,0.0,0.0
imagem_3719,0.0,0.0
imagem_3720,0.0,0.0
imagem_3721,0.0,0.0
imagem_3722,0.0,0.0
imagem_3723,0.0,0.0
imagem_3724,0.0,0.0
imagem_3725,0.0,0.0
imagem_3726,0.0,0.0
imagem_3727,0.0,0.0
imagem_3728,0.0,0.0
imagem_3729,0.0,0.0
imagem_3730,0.0,0.0
imagem_3731,0.0,0.0
imagem_3732,0.0,0.0
imagem_3733,0.0,0.0
imagem_3734,0.0,0.0
imagem_3735,0.0,0.0
imagem_3736,0.0,0.0
imagem_3737,0.0,0.0
imagem_3738,0.0,0.0
imagem_3739,0.0,0.0
imagem_3740,0.0,0.0
imagem_3741,0.0,0.0
imagem_3742,0.0,0.0
imagem_3743,0.0,0.0
imagem_3744,0.0,0.0
imagem_3745,0.0,0.0
imagem_3746,0.0,0.0
imagem_3747,0.0,0.0
imagem_3748,0.0,0.0
imagem_3749,0.0,0.0
imagem_3750,0.0,0.0
imagem_3751,0.0,0.0
imagem_3752,0.0,0.0
imagem_3753,0.0,0.0
imagem_3754,0.0,0.0
imagem_3755,0.0,0.0
imagem_3756,0.0,0.0
imagem_3757,0.0,0.0
imagem_3758,0.0,0.0
imagem_3759,0.0,0.0
imagem_3760,0.0,0.0
imagem_3761,0.0,0.0
imagem_3762,0.0,0.0
imagem_3763,0.0,0.0
imagem_3764,0.0,0.0
imagem_3765,0.0,0.0
imagem_3766,0.0,0.0
imagem_3767,0.0,0.0
imagem_3768,-1.0,0.0
imagem_3769,-1.0,0.0
imagem_3770,-1.0,0.0
imagem_3771,0.0,0.0
imagem_3772,0.0,0.0
imagem_3773,0.0,0.0
imagem_3774,0.0,0.0
imagem_3775,0.0,0.0
imagem_3776,0.0,0.0
imagem_3777,0.0,0.0
imagem_3778,0.0,0.0
imagem_3779,0.0,0.0
imagem_3780,0.0,0.0
imagem_3781,0.0,0.0
imagem_3782,0.0,0.0
imagem_3783,0.0,0.0
imagem_3784,0.0,0.0
imagem_3785,0.0,0.0
imagem_3786,0.0,0.0
imagem_3787,0.0,0.0
imagem_3788,0.0,0.0
imagem_3789,0.0,0.0
imagem_3790,0.0,0.0
imagem_3791,0.0,0.0
imagem_3792,0.0,0.0
imagem_3793,0.0,0.0
imagem_3794,0.0,0.0
imagem_3795,0.0,0.0
imagem_3796,0.0,0.0
imagem_3797,0.0,0.0
imagem_3798,0.0,0.0
imagem_3799,0.0,0.0
imagem_3800,0.0,0.0
imagem_3801,0.0,0.0
imagem_3802,0.0,0.0
imagem_3803,0.0,0.0
imagem_3804,0.0,0.0
imagem_3805,0.0,0.0
imagem_3806,0.0,0.0
imagem_3807,0.0,0.0
imagem_3808,0.0,0.0
imagem_3809,0.0,0.0
imagem_3810,0.0,0.0
imagem_3811,0.0,0.0
imagem_3812,0.0,0.0
imagem_3813,0.0,0.0
imagem_3814,0.0,0.0
imagem_3815,0.0,0.0
imagem_3816,-1.0,0.0
imagem_3817,-1.0,0.0
imagem_3818,-1.0,0.0
imagem_3819,-1.0,0.0
imagem_3820,0.0,0.0
imagem_3821,0.0,0.0
imagem_3822,0.0,0.0
imagem_3823,0.0,0.0
imagem_3824,0.0,0.0
imagem_3825,0.0,0.0
imagem_3826,0.0,0.0
imagem_3827,0.0,0.0
imagem_3828,-1.0,0.0
imagem_3829,0.0,1.0
imagem_3830,0.0,1.0
imagem_3831,0.0,1.0
imagem_3832,0.0,1.0
imagem_3833,0.0,1.0
imagem_3834,0.0,1.0
imagem_3835,0.0,1.0
imagem_3836,0.0,0.0
imagem_3837,0.0,0.0
imagem_3838,0.0,0.0
imagem_3839,0.0,0.0
imagem_3840,0.0,0.0
imagem_3841,0.0,0.0
imagem_3842,0.0,0.0
imagem_3843,0.0,0.0
imagem_3844,0.0,0.0
imagem_3845,0.0,0.0
imagem_3846,0.0,0.0
imagem_3847,0.0,0.0
imagem_3848,0.0,0.0
imagem_3849,0.0,0.0
imagem_3850,0.0,0.0
imagem_3851,0.0,0.0
imagem_3852,0.0,0.0
imagem_3853,0.0,0.0
imagem_3854,0.0,0.0
imagem_3855,0.0,0.0
imagem_3856,0.0,0.0
imagem_3857,0.0,0.0
imagem_3858,0.0,0.0
imagem_3859,0.0,0.0
imagem_3860,0.0,0.0
imagem_3861,0.0,0.0
imagem_3862,0.0,0.0
imagem_3863,0.0,0.0
imagem_3864,0.0,0.0
imagem_3865,0.0,0.0
imagem_3866,0.0,0.0
imagem_3867,0.0,0.0
imagem_3868,0.0,0.0
imagem_3869,0.0,0.0
imagem_3870,0.0,0.0
imagem_3871,0.0,0.0
imagem_3872,0.0,0.0
imagem_3873,0.0,0.0
imagem_3874,0.0,0.0
imagem_3875,0.0,0.0
imagem_3876,0.0,0.0
imagem_3877,0.0,0.0
imagem_3878,0.0,0.0
imagem_3879,0.0,0.0
imagem_3880,0.0,0.0
imagem_3881,0.0,0.0
imagem_3882,0.0,0.0
imagem_3883,0.0,0.0
imagem_3884,0.0,0.0
imagem_3885,0.0,0.0
imagem_3886,-1.0,0.0
imagem_3887,-1.0,0.0
imagem_3888,-1.0,0.0
imagem_3889,-1.0,0.0
imagem_3890,-1.0,0.0
imagem_3891,-1.0,0.0
imagem_3892,0.0,0.0
imagem_3893,0.0,0.0
imagem_3894,0.0,0.0
imagem_3895,0.0,0.0
imagem_3896,0.0,0.0
imagem_3897,0.0,0.0
imagem_3898,0.0,0.0
imagem_3899,0.0,0.0
imagem_3900,0.0,0.0
imagem_3901,0.0,0.0
imagem_3902,0.0,0.0
imagem_3903,0.0,0.0
imagem_3904,-1.0,0.0
imagem_3905,-1.0,0.0
imagem_3906,-1.0,0.0
imagem_3907,-1.0,0.0
imagem_3908,-1.0,0.0
imagem_3909,-1.0,0.0
imagem_3910,-1.0,0.0
imagem_3911,0.0,0.0
imagem_3912,0.0,0.0
imagem_3913,0.0,0.0
imagem_3914,0.0,0.0
imagem_3915,0.0,0.0
imagem_3916,0.0,0.0
imagem_3917,0.0,0.0
imagem_3918,0.0,0.0
imagem_3919,0.0,0.0
imagem_3920,0.0,0.0
imagem_3921,0.0,0.0
imagem_3922,0.0,0.0
imagem_3923,0.0,0.0
imagem_3924,0.0,0.0
imagem_3925,0.0,0.0
imagem_3926,0.0,0.0
imagem_3927,0.0,0.0
imagem_3928,0.0,0.0
imagem_3929,0.0,0.0
imagem_3930,0.0,0.0
imagem_3931,0.0,0.0
imagem_3932,0.0,0.0
imagem_3933,0.0,0.0
imagem_3934,0.0,0.0
imagem_3935,0.0,0.0
imagem_3936,0.0,0.0
imagem_3937,0.0,0.0
imagem_3938,0.0,0.0
imagem_3939,0.0,0.0
imagem_3940,0.0,0.0
imagem_3941,0.0,0.0
imagem_3942,0.0,0.0
imagem_3943,0.0,0.0
imagem_3944,0.0,0.0
imagem_3945,0.0,0.0
imagem_3946,0.0,0.0
imagem_3947,0.0,0.0
imagem_3948,0.0,0.0
imagem_3949,0.0,0.0
imagem_3950,0.0,0.0
imagem_3951,0.0,0.0
imagem_3952,0.0,0.0
imagem_3953,0.0,0.0
imagem_3954,0.0,0.0
imagem_3955,0.0,0.0
imagem_3956,0.0,0.0
imagem_3957,0.0,0.0
imagem_3958,0.0,0.0
imagem_3959,0.0,0.0
imagem_3960,0.0,0.0
imagem_3961,0.0,0.0
imagem_3962,0.0,0.0
imagem_3963,0.0,0.0
imagem_3964,0.0,0.0
imagem_3965,0.0,0.0
imagem_3966,0.0,0.0
imagem_3967,0.0,0.0
imagem_3968,0.0,0.0
imagem_3969,0.0,0.0
imagem_3970,0.0,0.0
imagem_3971,0.0,0.0
imagem_3972,0.0,0.0
imagem_3973,0.0,0.0
imagem_3974,0.0,0.0
imagem_3975,0.0,0.0
imagem_3976,0.0,0.0
imagem_3977,0.0,0.0
imagem_3978,0.0,0.0
imagem_3979,0.0,0.0
imagem_3980,0.0,0.0
imagem_3981,0.0,0.0
imagem_3982,0.0,0.0
imagem_3983,0.0,0.0
imagem_3984,0.0,0.0
imagem_3985,0.0,0.0
imagem_3986,0.0,0.0
imagem_3987,0.0,0.0
imagem_3988,0.0,0.0
imagem_3989,0.0,0.0
imagem_3990,0.0,0.0
imagem_3991,0.0,0.0
imagem_3992,0.0,0.0
imagem_3993,0.0,0.0
imagem_3994,0.0,0.0
imagem_3995,0.0,0.0
imagem_3996,0.0,0.0
imagem_3997,0.0,0.0
imagem_3998,0.0,0.0
imagem_3999,0.0,0.0
imagem_4000,0.0,0.0
imagem_4001,0.0,0.0
imagem_4002,0.0,0.0
imagem_4003,0.0,0.0
imagem_4004,0.0,0.0
imagem_4005,0.0,0.0
imagem_4006,0.0,0.0
imagem_4007,0.0,0.0
imagem_4008,0.0,0.0
imagem_4009,0.0,0.0
imagem_4010,0.0,0.0
imagem_4011,0.0,0.0
imagem_4012,0.0,0.0
imagem_4013,0.0,0.0
imagem_4014,0.0,0.0
imagem_4015,0.0,0.0
imagem_4016,0.0,0.0
imagem_4017,0.0,0.0
imagem_4018,0.0,0.0
imagem_4019,0.0,0.0
imagem_4020,0.0,0.0
imagem_4021,0.0,0.0
imagem_4022,0.0,0.0
imagem_4023,0.0,0.0
imagem_4024,0.0,0.0
imagem_4025,0.0,0.0
imagem_4026,0.0,0.0
imagem_4027,0.0,0.0
imagem_4028,0.0,0.0
imagem_4029,0.0,0.0
imagem_4030,0.0,0.0
imagem_4031,0.0,0.0
imagem_4032,0.0,0.0
imagem_4033,0.0,0.0
imagem_4034,0.0,0.0
imagem_4035,0.0,0.0
imagem_4036,0.0,0.0
imagem_4037,0.0,0.0
imagem_4038,0.0,0.0
imagem_4039,0.0,0.0
imagem_4040,0.0,0.0
imagem_4041,0.0,0.0
imagem_4042,0.0,0.0
imagem_4043,0.0,0.0
imagem_4044,0.0,0.0
imagem_4045,0.0,0.0
imagem_4046,0.0,0.0
imagem_4047,0.0,0.0
imagem_4048,0.0,0.0
imagem_4049,0.0,0.0
imagem_4050,0.0,0.0
imagem_4051,0.0,0.0
imagem_4052,0.0,0.0
imagem_4053,0.0,0.0
imagem_4054,0.0,0.0
imagem_4055,0.0,0.0
imagem_4056,0.0,0.0
imagem_4057,0.0,0.0
imagem_4058,0.0,0.0
imagem_4059,0.0,0.0
imagem_4060,0.0,0.0
imagem_4061,0.0,0.0
imagem_4062,0.0,0.0
imagem_4063,0.0,0.0
imagem_4064,0.0,0.0
imagem_4065,0.0,0.0
imagem_4066,0.0,0.0
imagem_4067,0.0,0.0
imagem_4068,0.0,0.0
imagem_4069,0.0,0.0
imagem_4070,0.0,0.0
imagem_4071,0.0,0.0
imagem_4072,0.0,0.0
imagem_4073,0.0,0.0
imagem_4074,0.0,0.0
imagem_4075,0.0,0.0
imagem_4076,0.0,0.0
imagem_4077,0.0,0.0
imagem_4078,0.0,0.0
imagem_4079,0.0,0.0
imagem_4080,0.0,0.0
imagem_4081,0.0,0.0
imagem_4082,0.0,0.0
imagem_4083,0.0,0.0
imagem_4084,0.0,0.0
imagem_4085,0.0,0.0
imagem_4086,0.0,0.0
imagem_4087,0.0,0.0
imagem_4088,0.0,0.0
imagem_4089,0.0,0.0
imagem_4090,0.0,0.0
imagem_4091,0.0,0.0
imagem_4092,0.0,0.0
imagem_4093,0.0,0.0
imagem_4094,0.0,0.0
imagem_4095,0.0,0.0
imagem_4096,0.0,0.0
imagem_4097,0.0,0.0
imagem_4098,0.0,0.0
imagem_4099,0.0,0.0
imagem_4100,0.0,0.0
imagem_4101,0.0,0.0
imagem_4102,0.0,0.0
imagem_4103,0.0,0.0
imagem_4104,0.0,0.0
imagem_4105,0.0,0.0
imagem_4106,0.0,0.0
imagem_4107,1.0,0.0
imagem_4108,1.0,0.0
imagem_4109,1.0,0.0
imagem_4110,0.0,0.0
imagem_4111,0.0,0.0
imagem_4112,0.0,0.0
imagem_4113,0.0,0.0
imagem_4114,0.0,0.0
imagem_4115,0.0,0.0
imagem_4116,0.0,0.0
imagem_4117,0.0,0.0
imagem_4118,0.0,0.0
imagem_4119,0.0,0.0
imagem_4120,0.0,0.0
imagem_4121,0.0,0.0
imagem_4122,0.0,0.0
imagem_4123,0.0,0.0
imagem_4124,0.0,0.0
imagem_4125,0.0,0.0
imagem_4126,0.0,0.0
imagem_4127,0.0,0.0
imagem_4128,0.0,0.0
imagem_4129,0.0,0.0
imagem_4130,0.0,0.0
imagem_4131,0.0,0.0
imagem_4132,0.0,0.0
imagem_4133,0.0,0.0
imagem_4134,0.0,0.0
imagem_4135,0.0,0.0
imagem_4136,0.0,0.0
imagem_4137,0.0,0.0
imagem_4138,0.0,0.0
imagem_4139,0.0,0.0
imagem_4140,0.0,0.0
imagem_4141,0.0,0.0
imagem_4142,0.0,0.0
imagem_4143,0.0,0.0
imagem_4144,0.0,0.0
imagem_4145,0.0,0.0
imagem_4146,0.0,0.0
imagem_4147,0.0,0.0
imagem_4148,0.0,0.0
imagem_4149,0.0,0.0
imagem_4150,1.0,0.0
imagem_4151,1.0,0.0
imagem_4152,0.0,0.0
imagem_4153,0.0,0.0
imagem_4154,0.0,0.0
imagem_4155,0.0,0.0
imagem_4156,0.0,0.0
imagem_4157,0.0,0.0
imagem_4158,0.0,0.0
imagem_4159,0.0,0.0
imagem_4160,0.0,0.0
imagem_4161,0.0,0.0
imagem_4162,0.0,0.0
imagem_4163,0.0,0.0
imagem_4164,0.0,0.0
imagem_4165,0.0,0.0
imagem_4166,0.0,0.0
imagem_4167,0.0,0.0
imagem_4168,0.0,0.0
imagem_4169,0.0,0.0
imagem_4170,-1.0,0.0
imagem_4171,-1.0,0.0
imagem_4172,-1.0,0.0
imagem_4173,-1.0,0.0
imagem_4174,-1.0,0.0
imagem_4175,-1.0,0.0
imagem_4176,-1.0,0.0
imagem_4177,-1.0,0.0
imagem_4178,-1.0,0.0
imagem_4179,-1.0,0.0
imagem_4180,-1.0,0.0
imagem_4181,0.0,0.0
imagem_4182,0.0,0.0
imagem_4183,0.0,0.0
imagem_4184,0.0,0.0
imagem_4185,0.0,0.0
imagem_4186,0.0,0.0
imagem_4187,0.0,0.0
imagem_4188,0.0,0.0
imagem_4189,0.0,0.0
imagem_4190,0.0,0.0
imagem_4191,0.0,0.0
imagem_4192,0.0,0.0
imagem_4193,0.0,0.0
imagem_4194,0.0,0.0
imagem_4195,0.0,0.0
imagem_4196,0.0,0.0
imagem_4197,0.0,0.0
imagem_4198,0.0,0.0
imagem_4199,0.0,0.0
imagem_4200,0.0,0.0
imagem_4201,0.0,0.0
imagem_4202,0.0,0.0
imagem_4203,0.0,0.0
imagem_4204,0.0,0.0
imagem_4205,-1.0,0.0
imagem_4206,-1.0,0.0
imagem_4207,-1.0,0.0
imagem_4208,-1.0,0.0
imagem_4209,0.0,0.0
imagem_4210,0.0,0.0
imagem_4211,0.0,0.0
imagem_4212,0.0,0.0
imagem_4213,0.0,0.0
imagem_4214,0.0,0.0
imagem_4215,0.0,0.0
imagem_4216,0.0,0.0
imagem_4217,0.0,0.0
imagem_4218,0.0,0.0
imagem_4219,0.0,0.0
imagem_4220,0.0,0.0
imagem_4221,0.0,0.0
imagem_4222,0.0,0.0
imagem_4223,0.0,0.0
imagem_4224,0.0,0.0
imagem_4225,0.0,0.0
imagem_4226,0.0,0.0
imagem_4227,0.0,0.0
imagem_4228,0.0,0.0
imagem_4229,0.0,0.0
imagem_4230,0.0,0.0
imagem_4231,0.0,0.0
imagem_4232,0.0,0.0
imagem_4233,0.0,0.0
imagem_4234,0.0,0.0
imagem_4235,0.0,0.0
imagem_4236,0.0,0.0
imagem_4237,0.0,0.0
imagem_4238,0.0,0.0
imagem_4239,0.0,0.0
imagem_4240,0.0,0.0
imagem_4241,0.0,0.0
imagem_4242,0.0,0.0
imagem_4243,0.0,0.0
imagem_4244,0.0,0.0
imagem_4245,0.0,0.0
imagem_4246,0.0,0.0
imagem_4247,0.0,0.0
imagem_4248,0.0,0.0
imagem_4249,0.0,0.0
imagem_4250,0.0,0.0
imagem_4251,0.0,0.0
imagem_4252,0.0,0.0
imagem_4253,0.0,0.0
imagem_4254,0.0,0.0
imagem_4255,0.0,0.0
imagem_4256,0.0,0.0
imagem_4257,1.0,0.0
imagem_4258,1.0,0.0
imagem_4259,1.0,0.0
imagem_4260,1.0,0.0
imagem_4261,1.0,0.0
imagem_4262,1.0,0.0
imagem_4263,1.0,0.0
imagem_4264,1.0,0.0
imagem_4265,0.0,0.0
imagem_4266,0.0,0.0
imagem_4267,0.0,0.0
imagem_4268,0.0,0.0
imagem_4269,0.0,0.0
imagem_4270,0.0,0.0
imagem_4271,0.0,0.0
imagem_4272,0.0,0.0
imagem_4273,0.0,0.0
imagem_4274,0.0,0.0
imagem_4275,0.0,0.0
imagem_4276,0.0,0.0
imagem_4277,0.0,0.0
imagem_4278,0.0,0.0
imagem_4279,0.0,0.0
imagem_4280,0.0,0.0
imagem_4281,0.0,0.0
imagem_4282,0.0,0.0
imagem_4283,0.0,0.0
imagem_4284,0.0,0.0
imagem_4285,0.0,0.0
imagem_4286,0.0,0.0
imagem_4287,-1.0,0.0
imagem_4288,-1.0,0.0
imagem_4289,-1.0,0.0
imagem_4290,-1.0,0.0
imagem_4291,-1.0,0.0
imagem_4292,0.0,0.0
imagem_4293,0.0,0.0
imagem_4294,0.0,0.0
imagem_4295,0.0,0.0
imagem_4296,0.0,0.0
imagem_4297,0.0,0.0
imagem_4298,0.0,0.0
imagem_4299,0.0,0.0
imagem_4300,0.0,0.0
imagem_4301,0.0,0.0
imagem_4302,0.0,0.0
imagem_4303,0.0,0.0
imagem_4304,0.0,0.0
imagem_4305,0.0,0.0
imagem_4306,0.0,0.0
imagem_4307,0.0,0.0
imagem_4308,0.0,0.0
imagem_4309,0.0,0.0
imagem_4310,0.0,0.0
imagem_4311,0.0,0.0
imagem_4312,0.0,0.0
imagem_4313,0.0,0.0
imagem_4314,0.0,0.0
imagem_4315,0.0,0.0
imagem_4316,0.0,0.0
imagem_4317,-1.0,0.0
imagem_4318,-1.0,0.0
imagem_4319,-1.0,0.0
imagem_4320,-1.0,0.0
imagem_4321,0.0,0.0
imagem_4322,0.0,0.0
imagem_4323,0.0,0.0
imagem_4324,0.0,0.0
imagem_4325,0.0,0.0
imagem_4326,0.0,0.0
imagem_4327,0.0,0.0
imagem_4328,0.0,0.0
imagem_4329,0.0,0.0
imagem_4330,0.0,0.0
imagem_4331,0.0,0.0
imagem_4332,0.0,0.0
imagem_4333,0.0,0.0
imagem_4334,0.0,0.0
imagem_4335,0.0,0.0
imagem_4336,-1.0,0.0
imagem_4337,-1.0,0.0
imagem_4338,-1.0,0.0
imagem_4339,-1.0,0.0
imagem_4340,-1.0,0.0
imagem_4341,0.0,0.0
imagem_4342,0.0,0.0
imagem_4343,0.0,0.0
imagem_4344,0.0,0.0
imagem_4345,0.0,0.0
imagem_4346,0.0,0.0
imagem_4347,0.0,0.0
imagem_4348,0.0,0.0
imagem_4349,0.0,0.0
imagem_4350,0.0,0.0
imagem_4351,0.0,0.0
imagem_4352,0.0,0.0
imagem_4353,0.0,0.0
imagem_4354,0.0,0.0
imagem_4355,0.0,0.0
imagem_4356,0.0,0.0
imagem_4357,0.0,0.0
imagem_4358,0.0,0.0
imagem_4359,0.0,0.0
imagem_4360,0.0,0.0
imagem_4361,0.0,0.0
imagem_4362,0.0,0.0
imagem_4363,-1.0,0.0
imagem_4364,-1.0,0.0
imagem_4365,-1.0,0.0
imagem_4366,-1.0,0.0
imagem_4367,0.0,0.0
imagem_4368,0.0,0.0
imagem_4369,0.0,0.0
imagem_4370,0.0,0.0
imagem_4371,0.0,0.0
imagem_4372,0.0,0.0
imagem_4373,0.0,0.0
imagem_4374,0.0,0.0
imagem_4375,0.0,0.0
imagem_4376,0.0,0.0
imagem_4377,0.0,0.0
imagem_4378,0.0,0.0
imagem_4379,0.0,0.0
imagem_4380,0.0,0.0
imagem_4381,0.0,0.0
imagem_4382,0.0,0.0
imagem_4383,0.0,0.0
imagem_4384,0.0,0.0
imagem_4385,0.0,0.0
imagem_4386,0.0,0.0
imagem_4387,0.0,0.0
imagem_4388,0.0,0.0
imagem_4389,0.0,0.0
imagem_4390,0.0,0.0
imagem_4391,0.0,0.0
imagem_4392,0.0,0.0
imagem_4393,0.0,0.0
imagem_4394,0.0,0.0
imagem_4395,0.0,0.0
imagem_4396,0.0,0.0
imagem_4397,0.0,0.0
imagem_4398,0.0,0.0
imagem_4399,0.0,0.0
imagem_4400,0.0,0.0
imagem_4401,0.0,0.0
imagem_4402,0.0,0.0
imagem_4403,0.0,0.0
imagem_4404,0.0,0.0
imagem_4405,0.0,0.0
imagem_4406,0.0,0.0
imagem_4407,0.0,0.0
imagem_4408,-1.0,0.0
imagem_4409,-1.0,0.0
imagem_4410,0.0,0.0
imagem_4411,0.0,0.0
imagem_4412,0.0,0.0
imagem_4413,0.0,0.0
imagem_4414,0.0,0.0
imagem_4415,0.0,0.0
imagem_4416,0.0,0.0
imagem_4417,0.0,0.0
imagem_4418,0.0,0.0
imagem_4419,0.0,0.0
imagem_4420,0.0,0.0
imagem_4421,0.0,0.0
imagem_4422,0.0,0.0
imagem_4423,0.0,0.0
imagem_4424,0.0,0.0
imagem_4425,0.0,0.0
imagem_4426,0.0,0.0
imagem_4427,0.0,0.0
imagem_4428,0.0,0.0
imagem_4429,0.0,0.0
imagem_4430,0.0,0.0
imagem_4431,0.0,0.0
imagem_4432,0.0,0.0
imagem_4433,0.0,0.0
imagem_4434,0.0,0.0
imagem_4435,0.0,0.0
imagem_4436,0.0,0.0
imagem_4437,0.0,0.0
imagem_4438,0.0,0.0
imagem_4439,0.0,0.0
imagem_4440,0.0,0.0
imagem_4441,0.0,0.0
imagem_4442,0.0,0.0
imagem_4443,0.0,0.0
imagem_4444,0.0,0.0
imagem_4445,0.0,0.0
imagem_4446,0.0,0.0
imagem_4447,0.0,1.0
imagem_4448,0.0,1.0
imagem_4449,0.0,1.0
imagem_4450,0.0,1.0
imagem_4451,0.0,1.0
imagem_4452,0.0,1.0
imagem_4453,0.0,1.0
imagem_4454,0.0,0.0
imagem_4455,0.0,0.0
imagem_4456,0.0,0.0
imagem_4457,0.0,0.0
imagem_4458,0.0,0.0
imagem_4459,0.0,0.0
imagem_4460,0.0,0.0
imagem_4461,0.0,0.0
imagem_4462,0.0,0.0
imagem_4463,0.0,0.0
imagem_4464,0.0,0.0
imagem_4465,0.0,0.0
imagem_4466,0.0,0.0
imagem_4467,0.0,0.0
imagem_4468,0.0,0.0
imagem_4469,0.0,0.0
imagem_4470,0.0,0.0
imagem_4471,0.0,0.0
imagem_4472,0.0,0.0
imagem_4473,0.0,0.0
imagem_4474,0.0,0.0
imagem_4475,0.0,0.0
imagem_4476,0.0,0.0
imagem_4477,0.0,0.0
imagem_4478,0.0,0.0
imagem_4479,0.0,0.0
imagem_4480,0.0,0.0
imagem_4481,0.0,0.0
imagem_4482,0.0,0.0
imagem_4483,0.0,0.0
imagem_4484,0.0,0.0
imagem_4485,0.0,0.0
imagem_4486,0.0,0.0
imagem_4487,0.0,0.0
imagem_4488,0.0,0.0
imagem_4489,0.0,0.0
imagem_4490,0.0,0.0
imagem_4491,0.0,0.0
imagem_4492,0.0,0.0
imagem_4493,0.0,0.0
imagem_4494,0.0,0.0
imagem_4495,0.0,0.0
imagem_4496,0.0,0.0
imagem_4497,0.0,0.0
imagem_4498,0.0,0.0
imagem_4499,0.0,0.0
imagem_4500,0.0,0.0
imagem_4501,0.0,0.0
imagem_4502,0.0,0.0
imagem_4503,0.0,0.0
imagem_4504,0.0,0.0
imagem_4505,0.0,0.0
imagem_4506,0.0,0.0
imagem_4507,0.0,0.0
imagem_4508,0.0,0.0
imagem_4509,0.0,0.0
imagem_4510,0.0,0.0
imagem_4511,0.0,0.0
imagem_4512,0.0,0.0
imagem_4513,0.0,0.0
imagem_4514,0.0,0.0
imagem_4515,0.0,0.0
imagem_4516,0.0,0.0
imagem_4517,0.0,0.0
imagem_4518,0.0,0.0
imagem_4519,0.0,0.0
imagem_4520,0.0,0.0
imagem_4521,0.0,0.0
imagem_4522,0.0,0.0
imagem_4523,0.0,0.0
imagem_4524,0.0,0.0
imagem_4525,0.0,0.0
imagem_4526,0.0,0.0
imagem_4527,0.0,0.0
imagem_4528,0.0,0.0
imagem_4529,0.0,0.0
imagem_4530,0.0,0.0
imagem_4531,0.0,0.0
imagem_4532,0.0,0.0
imagem_4533,0.0,0.0
imagem_4534,0.0,0.0
imagem_4535,0.0,0.0
imagem_4536,0.0,0.0
imagem_4537,1.0,0.0
imagem_4538,1.0,0.0
imagem_4539,0.0,0.0
imagem_4540,0.0,0.0
imagem_4541,0.0,0.0
imagem_4542,0.0,0.0
imagem_4543,0.0,0.0
imagem_4544,0.0,0.0
imagem_4545,0.0,0.0
imagem_4546,0.0,0.0
imagem_4547,0.0,0.0
imagem_4548,0.0,0.0
imagem_4549,0.0,0.0
imagem_4550,0.0,0.0
imagem_4551,0.0,0.0
imagem_4552,0.0,0.0
imagem_4553,0.0,0.0
imagem_4554,0.0,0.0
imagem_4555,0.0,0.0
imagem_4556,0.0,0.0
imagem_4557,0.0,0.0
imagem_4558,0.0,0.0
imagem_4559,0.0,0.0
imagem_4560,0.0,0.0
imagem_4561,0.0,0.0
imagem_4562,0.0,0.0
imagem_4563,0.0,0.0
imagem_4564,0.0,0.0
imagem_4565,0.0,0.0
imagem_4566,0.0,0.0
imagem_4567,0.0,0.0
imagem_4568,0.0,0.0
imagem_4569,0.0,0.0
imagem_4570,0.0,0.0
imagem_4571,0.0,0.0
imagem_4572,0.0,0.0
imagem_4573,0.0,0.0
imagem_4574,0.0,0.0
imagem_4575,0.0,0.0
imagem_4576,0.0,0.0
imagem_4577,0.0,0.0
imagem_4578,0.0,0.0
imagem_4579,0.0,0.0
imagem_4580,0.0,0.0
imagem_4581,0.0,0.0
imagem_4582,0.0,0.0
imagem_4583,0.0,0.0
imagem_4584,0.0,0.0
imagem_4585,0.0,0.0
imagem_4586,0.0,0.0
imagem_4587,0.0,0.0
imagem_4588,0.0,0.0
imagem_4589,0.0,0.0
imagem_4590,0.0,0.0
imagem_4591,0.0,0.0
imagem_4592,0.0,0.0
imagem_4593,0.0,0.0
imagem_4594,0.0,0.0
imagem_4595,0.0,0.0
imagem_4596,0.0,0.0
imagem_4597,0.0,0.0
imagem_4598,-1.0,0.0
imagem_4599,-1.0,0.0
imagem_4600,-1.0,0.0
imagem_4601,-1.0,0.0
imagem_4602,-1.0,0.0
imagem_4603,-1.0,0.0
imagem_4604,-1.0,0.0
imagem_4605,-1.0,0.0
imagem_4606,-1.0,0.0
imagem_4607,-1.0,0.0
imagem_4608,-1.0,0.0
imagem_4609,-1.0,0.0
imagem_4610,-1.0,0.0
imagem_4611,-1.0,0.0
imagem_4612,-1.0,0.0
imagem_4613,-1.0,0.0
imagem_4614,-1.0,0.0
imagem_4615,-1.0,0.0
imagem_4616,-1.0,0.0
imagem_4617,-1.0,0.0
imagem_4618,-1.0,0.0
imagem_4619,-1.0,0.0
imagem_4620,-1.0,0.0
imagem_4621,-1.0,0.0
imagem_4622,0.0,0.0
imagem_4623,0.0,0.0
imagem_4624,0.0,0.0
imagem_4625,0.0,0.0
imagem_4626,0.0,0.0
imagem_4627,0.0,0.0
imagem_4628,0.0,0.0
imagem_4629,0.0,0.0
